"Page","State","DnaImports","UiImports","UiImportList","RawInput","RawSelect","RawTextarea","RawTable","RawInputDate","DnaDataTableCard","DnaPageHeader","DnaKpiGrid","DnaCell","DnaSearchableSelect","DnaDatePicker","DnaNumberInput","DnaCurrencyInput","DnaConfirmDialog","UseDnaToast","DnaModal","DnaToolbar","DnaSelect","DnaInput","DnaBadge","DnaTabNav","DnaTable","BadgeBugCount","BadgeBugLines","DashboardCard","Rounded24","BorderColorVar","Score"
"approvals\goods-request\page.tsx","DNA","1","0","","0","0","0","0","0","0","0","0","3","0","0","0","0","0","0","0","0","0","0","3","0","0","0","","0","0","0","6"
"approvals\purchase\page.tsx","DNA","1","0","","0","0","0","0","0","0","0","0","3","0","0","0","0","0","0","0","0","0","0","3","0","0","0","","0","0","0","6"
"approvals\purchase-request\page.tsx","DNA","1","0","","0","0","0","0","0","0","0","0","3","0","0","0","0","0","0","0","0","0","0","3","0","0","0","","0","0","0","6"
"approvals\purchase-return\page.tsx","DNA","1","0","","0","0","0","0","0","0","0","0","3","0","0","0","0","0","0","0","0","0","0","3","0","0","0","","0","0","0","6"
"approvals\request-cogs\page.tsx","DNA","1","0","","0","0","0","0","0","0","0","0","3","0","0","0","0","0","0","0","0","0","0","3","0","0","0","","0","0","0","6"
"approvals\sales\page.tsx","DNA","1","0","","0","0","0","0","0","0","0","0","3","0","0","0","0","0","0","0","0","0","0","3","0","0","0","","0","0","0","6"
"approvals\sales-return\page.tsx","DNA","1","0","","0","0","0","0","0","0","0","0","3","0","0","0","0","0","0","0","0","0","0","3","0","0","0","","0","0","0","6"
"approvals\sales-sample\page.tsx","DNA","1","0","","0","0","0","0","0","0","0","0","3","0","0","0","0","0","0","0","0","0","0","3","0","0","0","","0","0","0","6"
"automation\page.tsx","DNA","0","0","","0","0","0","0","0","0","0","0","0","0","0","0","0","0","0","0","0","0","0","16","0","0","5","182,225,229,233,237","6","0","0","16"
"bussdev\client-manager\page.tsx","DNA","1","0","","0","1","0","3","0","7","2","4","3","0","0","0","0","0","2","5","0","0","2","0","0","0","0","","0","0","0","21"
"bussdev\down-payment\page.tsx","DNA","1","0","","0","1","1","1","0","3","2","2","6","0","0","0","0","0","2","5","0","0","6","0","0","0","0","","0","0","0","23"
"bussdev\guest-book\page.tsx","DNA","1","0","","9","2","0","1","2","3","2","3","0","0","0","0","0","0","2","3","0","0","0","3","0","0","0","","0","0","0","4"
"bussdev\intake\page.tsx","DNA","1","0","","0","0","1","0","0","0","0","0","0","0","0","0","0","0","0","0","0","0","8","3","0","0","0","","0","0","0","10"
"bussdev\lost\page.tsx","DNA","1","0","","0","0","0","2","0","6","3","3","14","0","0","0","0","0","2","6","0","0","2","0","0","0","0","","0","0","0","34"
"bussdev\my-performance\page.tsx","NONE","0","0","","0","0","0","1","0","0","0","0","0","0","0","0","0","0","0","0","0","0","0","0","0","0","0","","0","3","0","-1"
"bussdev\pipeline\page.tsx","NONE","0","0","","0","0","0","0","0","0","0","0","0","0","0","0","0","0","0","0","0","0","0","0","0","0","0","","0","0","0","0"
"bussdev\retention-engine\page.tsx","NONE","0","0","","0","0","0","0","0","0","0","0","0","0","0","0","0","0","0","0","0","0","0","0","0","0","0","","0","0","0","0"
"bussdev\retur-penjualan\page.tsx","DNA","1","0","","0","2","1","1","0","3","2","2","7","0","0","0","0","0","2","5","0","0","7","0","0","0","0","","0","0","0","24"
"bussdev\sales-orders\page.tsx","DNA","1","0","","4","3","0","2","4","4","3","3","9","0","0","0","0","0","2","6","0","0","8","0","0","0","0","","0","0","0","26"
"bussdev\sales-target\page.tsx","DNA","1","0","","0","3","1","1","0","3","2","2","5","0","0","0","0","0","2","5","0","0","5","0","0","0","0","","0","0","0","19"
"bussdev\sample-sales\page.tsx","DNA","1","0","","0","0","1","1","0","3","2","2","7","0","0","0","0","0","2","5","0","0","12","0","0","0","0","","0","0","0","31"
"bussdev\sample-sales\input\page.tsx","DNA","1","0","","0","0","1","0","1","0","2","0","0","0","0","0","0","0","2","0","0","0","12","0","0","0","0","","0","0","0","15"
"bussdev\sample-tracking\page.tsx","DNA","1","0","","0","0","0","0","0","0","0","0","0","0","0","0","0","0","0","0","0","0","2","5","0","0","1","224","0","0","0","7"
"checklist\page.tsx","DNA","1","0","","1","2","0","1","0","7","2","0","3","0","0","0","0","1","2","7","0","1","13","13","1","14","4","342,460,569,654","0","0","0","60"
"creative\board\page.tsx","NONE","0","0","","0","0","0","0","0","0","0","0","0","0","0","0","0","0","0","0","0","0","0","0","0","0","0","","0","0","0","0"
"design\artwork-approval\page.tsx","DNA","1","0","","0","3","0","0","1","0","2","3","0","0","0","0","0","0","0","5","0","0","13","35","2","16","12","593,773,834,836,838,896,898,1181,1183,1185,1187,1189","0","0","0","73"
"document-center\page.tsx","MIXED","1","2","from ""@/components/ui/table""; from ""@/components/ui/dialog""","0","2","2","0","0","0","0","0","0","0","0","0","0","0","0","0","0","0","2","5","0","0","0","","0","0","0","1"
"documents\drafts\page.tsx","MIXED","1","2","from ""@/components/ui/table""; from ""@/components/ui/dialog""","0","2","1","0","0","0","0","0","0","0","0","0","0","0","0","0","0","0","2","3","0","0","0","","0","0","0","0"
"executive\audit\page.tsx","DNA","1","0","","0","0","0","0","0","0","0","0","0","0","0","0","0","0","0","0","0","0","0","3","0","0","0","","0","0","0","3"
"executive\notifications\page.tsx","DNA","1","0","","0","2","0","0","0","0","0","0","0","0","0","0","0","0","0","0","0","0","2","3","0","0","0","","0","2","2","3"
"finance\accounting\auto-journal\page.tsx","DNA","1","0","","0","1","0","0","0","0","2","0","0","0","0","0","0","0","0","0","0","1","0","3","0","0","1","232","0","0","0","5"
"finance\accounting\coa\page.tsx","DNA","1","0","","2","0","0","1","0","4","3","3","15","0","0","0","0","2","2","6","0","5","3","0","0","0","0","","0","0","0","40"
"finance\actual-costing\page.tsx","DNA","1","0","","0","0","0","0","0","0","0","0","0","0","0","0","0","0","0","0","0","0","0","3","0","0","1","94","0","0","0","3"
"finance\ap-aging\page.tsx","DNA","1","0","","3","1","0","1","2","3","2","3","0","0","0","0","0","0","2","3","0","0","0","5","0","0","0","","0","0","0","13"
"finance\approvals\page.tsx","MIXED","1","1","from ""@/components/ui/table""","0","0","0","0","0","0","0","0","0","0","0","0","0","0","0","0","0","0","2","11","0","0","4","71,73,75,187","0","0","0","12"
"finance\ar-hub\page.tsx","MIXED","1","2","from ""@/components/ui/table""; from ""@/components/ui/tabs""","0","0","1","0","1","1","2","3","0","0","0","0","0","0","0","0","0","3","4","7","0","0","0","","0","0","0","17"
"finance\assets\page.tsx","DNA","1","0","","8","2","0","2","1","3","2","3","0","0","0","0","0","0","2","5","0","0","0","3","0","0","0","","0","0","0","6"
"finance\bank-accounts\page.tsx","DNA","1","0","","0","1","0","1","0","3","2","3","2","0","0","0","2","0","0","0","0","1","4","5","0","0","0","","0","0","0","20"
"finance\bank-reconciliation\page.tsx","DNA","1","0","","2","1","0","2","2","5","2","3","0","0","0","0","0","0","2","3","0","0","0","9","0","0","0","","0","0","0","19"
"finance\bayar\page.tsx","MIXED","1","2","from ""@/components/ui/tabs""; from ""@/components/ui/table""","0","0","0","0","0","0","0","0","0","0","0","0","0","0","0","0","0","0","4","7","0","0","0","","0","0","0","9"
"finance\bayar-pembelian\page.tsx","DNA","1","0","","4","1","1","1","1","3","2","3","0","0","0","0","0","0","2","3","0","0","0","3","2","0","0","","0","0","0","11"
"finance\bayar-penjualan\page.tsx","DNA","1","0","","0","1","1","1","1","3","2","2","4","0","0","0","0","0","2","3","0","0","6","0","0","0","0","","0","0","0","19"
"finance\bayar-sample\page.tsx","MIXED","1","4","from ""@/components/ui/table""; from ""@/components/ui/dialog""; from ""@/components/ui/select""; from ""@/components/ui/label""","1","0","1","0","1","0","0","0","0","0","0","0","0","0","0","0","0","0","4","3","0","0","0","","0","0","0","1"
"finance\bills\page.tsx","MIXED","1","3","from ""@/components/ui/table""; from ""@/components/ui/dialog""; from ""@/components/ui/select""","0","0","0","0","2","0","0","0","0","0","0","0","0","0","0","0","0","0","6","3","0","0","0","","0","0","0","6"
"finance\budget\page.tsx","DNA","1","0","","0","0","0","1","0","3","2","3","1","0","0","0","1","0","0","0","0","0","1","3","0","0","0","","0","0","0","13"
"finance\cash-in\page.tsx","DNA","1","0","","8","2","0","1","3","3","2","3","0","0","0","0","0","0","2","5","0","0","0","5","0","0","0","","0","0","0","9"
"finance\cash-out\page.tsx","DNA","1","0","","9","2","0","1","3","3","2","3","0","0","0","0","0","0","2","5","0","0","0","5","0","0","0","","0","0","0","8"
"finance\client-escrow\page.tsx","DNA","1","0","","1","2","0","1","0","3","2","3","0","0","0","0","0","0","2","3","0","0","0","5","0","0","0","","0","0","0","14"
"finance\closing\page.tsx","DNA","1","0","","1","1","0","1","0","3","2","3","0","0","0","0","0","0","2","3","0","0","0","5","0","0","0","","0","0","0","15"
"finance\cogs-request\page.tsx","MIXED","1","1","from ""@/components/ui/table""","0","4","1","0","1","0","0","0","0","0","0","0","0","0","0","0","0","0","4","9","0","0","3","222,354,389","0","0","1","7"
"finance\collections\page.tsx","DNA","1","0","","0","0","0","1","0","3","2","3","2","0","0","0","0","0","0","0","0","0","0","3","0","0","0","","0","0","0","12"
"finance\compliance-asset\page.tsx","DNA","1","0","","0","0","0","1","0","3","2","3","2","0","0","0","1","0","0","0","0","0","1","5","0","0","0","","0","0","0","16"
"finance\cost-variance\page.tsx","DNA","1","0","","0","0","0","1","0","3","2","3","2","0","0","0","0","0","0","0","0","0","0","3","0","0","0","","0","0","0","12"
"finance\dp\page.tsx","MIXED","1","2","from ""@/components/ui/tabs""; from ""@/components/ui/table""","0","0","0","0","0","0","0","0","0","0","0","0","0","0","0","0","0","0","3","11","0","0","3","77,78,79","0","0","0","12"
"finance\dp-pembelian\page.tsx","DNA","1","0","","3","2","1","2","1","3","2","3","0","0","0","0","0","0","2","5","0","0","0","13","2","0","0","","0","0","0","22"
"finance\dp-penjualan\page.tsx","MIXED","1","3","from ""@/components/ui/label""; from ""@/components/ui/select""; from ""@/components/ui/dialog""","2","0","1","0","1","0","0","0","0","0","0","0","0","0","0","0","0","0","2","7","0","0","3","145,176,203","0","0","0","3"
"finance\faktur-pembelian\page.tsx","DNA","1","0","","11","1","1","2","2","3","2","3","0","0","0","0","0","0","2","9","0","0","0","13","2","0","0","","0","0","0","19"
"finance\faktur-penjualan\page.tsx","DNA","1","0","","0","0","1","2","2","3","2","2","6","0","0","0","0","0","2","7","0","0","11","0","0","0","0","","0","0","0","30"
"finance\fund\page.tsx","MIXED","1","4","from ""@/components/ui/tabs""; from ""@/components/ui/table""; from ""@/components/ui/dialog""; from ""@/components/ui/select""","0","0","2","0","0","0","0","0","0","0","0","0","0","0","0","0","0","0","4","5","0","0","1","294","0","0","0","3"
"finance\fund-requests\page.tsx","DNA","1","0","","4","4","1","1","1","3","2","3","0","0","0","0","0","0","2","5","0","0","0","7","0","0","0","","0","0","0","12"
"finance\input\page.tsx","DNA","1","0","","0","0","0","0","0","0","0","0","0","0","0","0","0","0","0","0","0","0","0","3","0","0","1","40","0","0","0","3"
"finance\invoices\page.tsx","MIXED","1","1","from ""@/components/ui/table""","0","0","0","0","0","0","0","0","0","0","0","0","0","0","0","0","0","0","2","3","0","0","0","","0","0","0","4"
"finance\jurnal\page.tsx","MIXED","1","2","from ""@/components/ui/table""; from ""@/components/ui/tabs""","0","0","0","0","0","0","0","0","0","0","0","0","0","0","0","0","0","0","3","7","0","0","0","","0","0","0","8"
"finance\jurnal-umum\page.tsx","DNA","1","0","","9","2","0","3","3","3","2","3","0","0","0","0","0","0","2","5","0","0","0","7","0","0","0","","0","0","0","8"
"finance\kas\page.tsx","MIXED","1","2","from ""@/components/ui/table""; from ""@/components/ui/tabs""","0","0","0","0","0","0","0","0","0","0","0","0","0","0","0","0","0","0","3","1","0","0","0","","0","0","0","2"
"finance\laba-rugi\page.tsx","DNA","1","0","","3","0","0","2","2","3","2","3","0","0","0","0","0","0","2","3","0","0","0","3","0","0","0","","0","0","0","11"
"finance\ledger\page.tsx","DNA","1","0","","3","0","0","2","2","3","2","3","0","0","0","0","0","0","2","3","0","0","0","3","0","0","0","","0","0","0","11"
"finance\piutang\page.tsx","MIXED","1","3","from ""@/components/ui/table""; from ""@/components/ui/tabs""; from ""@/components/ui/dialog""","0","1","1","0","1","0","0","0","0","0","0","0","0","0","0","0","0","0","6","23","0","0","3","352,417,422","0","0","0","24"
"finance\profitability\page.tsx","DNA","1","0","","0","0","0","1","0","3","2","3","1","0","0","0","0","0","0","0","0","0","0","3","0","0","0","","0","0","0","11"
"finance\reports\page.tsx","MIXED","1","2","from ""@/components/ui/tabs""; from ""@/components/ui/table""","2","0","0","0","2","0","0","0","0","0","0","0","0","0","0","0","0","0","2","3","0","0","0","","0","1","0","1"
"finance\reports\ar-aging\page.tsx","DNA","1","0","","3","1","0","1","2","3","2","3","0","0","0","0","0","0","2","3","0","0","0","5","0","0","0","","0","0","0","13"
"finance\reports\balance-sheet\page.tsx","DNA","1","0","","0","0","0","0","1","0","0","0","0","0","0","0","0","0","0","0","0","0","2","1","0","0","0","","0","0","0","3"
"finance\reports\cash-flow\page.tsx","DNA","1","0","","2","0","0","3","2","7","2","3","0","0","0","0","0","0","2","0","0","0","0","1","0","0","0","","0","0","0","10"
"finance\reports\trial-balance\page.tsx","DNA","1","0","","3","0","0","1","2","3","2","3","0","0","0","0","0","0","2","0","0","0","0","3","0","0","0","","0","0","0","9"
"finance\sales-orders\page.tsx","MIXED","1","2","from ""@/components/ui/table""; from ""@/components/ui/dialog""","0","0","0","0","0","0","0","0","0","0","0","0","0","0","0","0","0","0","2","11","0","0","3","87,170,175","0","0","0","11"
"finance\transactions\page.tsx","MIXED","1","4","from ""@/components/ui/table""; from ""@/components/ui/dialog""; from ""@/components/ui/label""; from ""@/components/ui/select""","0","0","0","0","1","0","0","0","0","0","0","0","0","0","0","0","0","0","6","5","0","0","1","204","0","0","0","7"
"hr\page.tsx","NONE","0","0","","0","0","0","0","0","0","0","0","0","0","0","0","0","0","0","0","0","0","0","0","0","0","0","","0","0","0","0"
"hr\attendance\page.tsx","DNA","1","0","","2","1","0","1","1","7","2","3","0","0","0","0","0","0","2","3","0","0","0","15","2","0","0","","0","0","0","30"
"hr\kpi\page.tsx","DNA","1","0","","1","2","0","1","0","3","2","3","0","0","0","0","0","0","2","3","0","0","0","7","1","0","0","","0","0","0","17"
"hr\payroll\page.tsx","DNA","1","0","","2","0","0","1","0","3","2","3","0","0","0","0","0","0","2","3","0","0","0","5","1","0","0","","0","0","0","16"
"hr\recruitment\page.tsx","DNA","1","0","","5","3","0","2","0","7","2","3","0","0","0","0","0","0","2","5","0","0","0","17","2","0","0","","0","0","0","28"
"hr\tickets\page.tsx","DNA","1","0","","3","3","1","1","2","3","2","3","0","0","0","0","0","0","2","3","0","0","0","7","2","0","0","","0","0","0","14"
"kpi-management\department\page.tsx","NONE","0","0","","1","1","0","1","0","0","0","0","0","0","0","0","0","0","0","0","0","0","0","0","0","0","0","","0","0","0","-3"
"kpi-management\department\[departmentId]\page.tsx","NONE","0","0","","0","0","0","1","0","0","0","0","0","0","0","0","0","0","0","0","0","0","0","0","0","0","0","","0","0","0","-1"
"kpi-management\individual\page.tsx","NONE","0","0","","1","3","0","1","0","0","0","0","0","0","0","0","0","0","0","0","0","0","0","0","0","0","0","","0","0","0","-5"
"kpi-management\individual\[employeeId]\page.tsx","NONE","0","0","","0","0","0","1","0","0","0","0","0","0","0","0","0","0","0","0","0","0","0","0","0","0","0","","0","0","0","-1"
"kpi-management\settings\page.tsx","NONE","0","0","","1","0","0","1","0","0","0","0","0","0","0","0","0","0","0","0","0","0","0","0","0","0","0","","0","0","0","-2"
"legality\apj-release\page.tsx","DNA","1","0","","1","2","0","1","0","0","0","0","0","0","0","0","0","0","0","0","0","0","3","13","0","0","3","165,167,169","0","0","0","12"
"legality\ckpb-audit\page.tsx","DNA","1","0","","1","3","0","1","2","0","0","0","0","0","0","0","0","0","0","0","0","0","7","7","0","0","2","175,177","0","0","0","9"
"legality\inbox\page.tsx","DNA","1","0","","3","0","2","1","0","0","0","0","0","0","0","0","0","0","0","0","0","0","0","11","0","0","3","73,74,346","0","0","0","5"
"legality\input\page.tsx","DNA","1","0","","1","3","0","0","6","0","0","0","0","0","0","0","0","0","0","0","0","0","0","0","0","0","0","","0","0","0","-4"
"legality\master-inci\page.tsx","DNA","1","0","","2","1","1","1","0","0","0","0","0","0","0","0","0","0","0","0","0","0","0","15","0","0","6","118,119,120,121,122,123","0","0","0","10"
"legality\permits\page.tsx","DNA","1","0","","1","0","1","1","0","0","0","0","0","0","0","0","0","0","0","0","0","0","0","7","0","0","0","","0","0","0","4"
"legality\pipeline\page.tsx","DNA","1","0","","1","0","0","1","0","0","0","0","0","0","0","0","0","0","0","0","0","0","0","17","0","0","6","75,76,77,78,160,270","0","0","0","15"
"legality\records\page.tsx","DNA","1","0","","0","0","0","1","0","0","0","0","0","0","0","0","0","0","0","0","0","0","0","13","0","0","4","125,132,139,277","0","0","0","12"
"logistics\delivery-orders\page.tsx","MIXED","1","2","from ""@/components/ui/dialog""; from ""@/components/ui/select""","0","0","0","1","1","0","0","0","0","0","0","0","0","0","0","0","0","0","5","5","0","0","0","","3","1","0","7"
"logistics\fleet\page.tsx","DNA","1","0","","0","0","0","0","0","0","0","0","0","0","0","0","0","0","0","0","0","0","0","5","0","0","1","102","8","0","0","5"
"logistics\logs\page.tsx","DNA","1","0","","0","0","0","1","0","0","0","0","0","0","0","0","0","0","0","0","0","0","2","3","0","0","0","","0","0","0","4"
"logistics\outbound\page.tsx","MIXED","1","1","from ""@/components/ui/dialog""","0","0","0","0","0","0","0","0","0","0","0","0","0","0","0","0","0","0","4","0","0","0","0","","5","3","0","3"
"master\page.tsx","DNA","1","0","","0","0","0","0","0","0","3","3","0","0","0","0","0","0","0","0","0","0","0","3","0","0","0","","0","0","0","9"
"master\categories\page.tsx","NONE","0","0","","0","0","0","0","0","0","0","0","0","0","0","0","0","0","0","0","0","0","0","0","0","0","0","","0","0","0","0"
"master\customers\page.tsx","DNA","1","0","","2","0","0","2","0","6","3","3","17","0","0","0","4","2","2","6","0","6","9","0","0","0","1","952","0","0","0","54"
"master\goods\page.tsx","DNA","1","0","","2","0","0","2","0","5","2","2","10","0","0","3","2","2","2","7","0","3","12","3","1","0","1","1009","0","0","0","50"
"master\personnel\page.tsx","NONE","0","0","","0","0","0","0","0","0","0","0","0","0","0","0","0","0","0","0","0","0","0","0","0","0","0","","0","0","0","0"
"master\suppliers\page.tsx","DNA","1","0","","2","0","0","2","0","6","3","3","12","0","0","0","0","2","2","8","0","4","10","0","0","0","1","1008","0","0","0","46"
"master\vendors\page.tsx","NONE","0","0","","0","0","0","0","0","0","0","0","0","0","0","0","0","0","0","0","0","0","0","0","0","0","0","","0","0","0","0"
"master\warehouses\page.tsx","DNA","1","0","","3","0","0","2","0","6","3","3","14","0","0","0","0","2","2","6","0","2","7","0","0","0","1","891","0","0","0","40"
"my-requests\page.tsx","MIXED","0","2","from ""@/components/ui/dialog""; from ""@/components/ui/select""","0","0","0","0","0","0","0","0","0","0","0","0","0","0","0","0","0","0","4","12","0","0","4","63,64,65,66","4","2","0","14"
"production\page.tsx","DNA","3","0","","0","0","0","0","0","0","2","0","0","0","0","0","0","0","0","0","0","0","0","0","0","0","0","","0","0","0","2"
"production\audit\page.tsx","MIXED","1","1","from ""@/components/ui/card""","0","0","0","0","0","0","0","0","0","0","0","0","0","0","0","0","0","0","2","3","0","0","1","108","0","0","0","4"
"production\batch-records\page.tsx","NONE","0","0","","0","0","0","0","0","0","0","0","0","0","0","0","0","0","0","0","0","0","0","0","0","0","0","","0","0","0","0"
"production\filling\page.tsx","DNA","1","0","","13","1","2","1","0","3","2","3","0","0","0","0","0","0","2","5","0","0","0","5","2","0","0","","0","0","0","5"
"production\formula-adjustment\page.tsx","NONE","0","0","","0","0","0","0","0","0","0","0","0","0","0","0","0","0","0","0","0","0","0","0","0","0","0","","0","0","0","0"
"production\material-requisition\page.tsx","DNA","1","0","","5","1","2","1","0","3","2","3","0","0","0","0","0","0","2","5","0","0","0","7","2","0","0","","0","0","0","15"
"production\mixing\page.tsx","DNA","1","0","","15","1","2","1","0","3","2","3","0","0","0","0","0","0","2","5","0","0","0","5","2","0","0","","0","0","0","3"
"production\my-performance\page.tsx","DNA","4","0","","0","0","0","1","0","0","2","3","0","0","0","0","0","0","0","0","0","0","0","0","0","0","0","","0","0","0","4"
"production\operations\page.tsx","MIXED","1","4","from ""@/components/ui/tabs""; from ""@/components/ui/dropdown-menu""; from ""@/components/ui/dialog""; from ""@/components/ui/textarea""","0","0","0","2","0","0","0","0","0","0","0","0","0","0","0","0","0","0","0","9","0","0","2","332,334","0","0","0","3"
"production\packaging\page.tsx","DNA","1","0","","13","1","2","1","0","3","2","3","0","0","0","0","0","0","2","5","0","0","0","5","2","0","0","","0","0","0","5"
"production\qc-release\page.tsx","DNA","1","0","","4","0","1","1","0","3","2","3","0","0","0","0","0","0","2","5","0","0","0","7","2","0","0","","0","0","0","18"
"production\schedule\page.tsx","DNA","1","0","","7","3","1","1","2","3","2","3","0","0","0","0","0","0","2","5","0","0","0","9","2","0","0","","0","0","0","14"
"production\spk\page.tsx","DNA","1","0","","0","1","0","2","0","1","2","0","0","0","0","0","0","0","2","0","0","0","0","1","0","0","0","","0","0","0","3"
"production\warehouse\page.tsx","DNA","1","0","","0","0","0","1","0","0","0","0","0","0","0","0","0","0","0","0","0","0","2","5","0","0","0","","0","0","0","6"
"production\work-orders\page.tsx","DNA","1","0","","12","2","2","1","2","3","2","3","0","0","0","0","0","0","2","7","0","0","0","7","2","0","0","","0","0","0","9"
"project-control\page.tsx","NONE","0","0","","1","2","0","2","0","0","0","0","0","0","0","0","0","0","0","0","0","0","0","0","0","0","0","","0","0","0","-5"
"project-control\checklist-tracking\page.tsx","DNA","1","0","","1","1","0","2","0","3","2","0","2","0","0","0","0","0","2","0","0","0","0","7","0","6","2","539,661","0","0","0","18"
"project-control\[projectId]\page.tsx","NONE","0","0","","0","0","0","1","0","0","0","0","0","0","0","0","0","0","0","0","0","0","0","0","0","0","0","","0","0","0","-1"
"qc\checklist\progress\page.tsx","DNA","1","0","","0","0","0","0","0","0","0","0","0","0","0","0","0","0","0","0","0","0","1","9","0","0","0","","0","0","0","10"
"qc\checklist\tracking\page.tsx","DNA","1","0","","2","2","0","0","2","0","0","0","0","0","0","0","0","0","0","0","0","0","2","3","0","0","0","","0","2","2","1"
"qc\checklist-category\page.tsx","DNA","1","0","","0","1","0","1","0","0","0","0","0","0","0","0","0","0","0","0","0","0","0","3","0","0","0","","0","6","10","1"
"qc\coa\page.tsx","DNA","1","0","","0","0","0","2","0","0","0","0","0","0","0","0","0","0","0","0","0","0","0","9","0","0","2","224,297","0","3","5","7"
"qc\inspections\page.tsx","DNA","1","0","","6","0","1","1","0","0","0","0","0","0","0","0","0","0","0","0","0","0","2","9","0","0","2","219,419","0","5","3","3"
"qc\report\page.tsx","DNA","1","0","","0","0","0","0","0","0","0","0","0","0","0","0","0","0","0","0","0","0","0","5","0","0","0","","0","1","0","5"
"qc\stability\page.tsx","DNA","1","0","","0","2","2","1","2","0","0","0","0","0","0","0","0","0","0","0","0","0","8","11","0","0","0","","0","0","2","14"
"qc\workbench\page.tsx","DNA","1","0","","0","1","1","0","0","0","0","0","0","0","0","0","0","0","0","0","0","0","3","11","0","0","3","424,476,654","0","0","4","12"
"rnd\batch-record\page.tsx","DNA","1","0","","5","1","1","1","0","3","2","3","0","0","0","0","0","0","2","5","0","0","0","15","2","0","0","","0","0","0","24"
"rnd\cogs-request\page.tsx","DNA","1","0","","7","1","1","2","0","3","2","3","0","0","0","0","0","0","2","5","0","0","0","11","2","0","0","","0","0","0","17"
"rnd\design\page.tsx","DNA","1","0","","6","1","0","1","1","3","2","3","0","0","0","0","0","0","2","5","0","0","0","19","2","0","0","","0","0","0","28"
"rnd\formula\page.tsx","DNA","1","0","","4","2","0","2","0","3","2","3","0","0","0","0","0","0","2","5","0","0","0","11","2","0","0","","0","0","0","20"
"rnd\formula\[id]\page.tsx","MIXED","1","3","from ""@/components/ui/button""; from ""@/components/ui/label""; from ""@/components/ui/select""","0","0","0","1","0","0","0","0","0","0","0","0","0","0","0","0","0","0","15","0","0","0","0","","0","0","0","11"
"rnd\formula-adjustment\page.tsx","DNA","1","0","","3","1","1","1","0","3","2","3","0","0","0","0","0","0","2","5","0","0","0","11","2","0","0","","0","0","0","22"
"rnd\inbox\page.tsx","DNA","1","0","","0","0","0","0","0","0","0","0","0","0","0","0","0","0","0","0","0","0","2","0","0","0","0","","0","0","0","2"
"rnd\lab-test\page.tsx","MIXED","1","3","from ""@/components/ui/table""; from ""@/components/ui/dialog""; from ""@/components/ui/select""","0","0","1","0","0","0","0","0","0","0","0","0","0","0","0","0","0","0","3","7","0","0","0","","0","0","0","6"
"rnd\master-inci\page.tsx","MIXED","1","4","from ""@/components/ui/dropdown-menu""; from ""@/components/ui/dialog""; from ""@/components/ui/button""; from ""@/components/ui/label""","0","1","1","1","0","0","0","0","0","0","0","0","0","0","0","0","0","0","5","0","0","0","0","","0","0","0","-2"
"rnd\npf\page.tsx","DNA","1","0","","7","2","1","1","0","3","2","3","0","0","0","0","0","0","2","7","0","0","0","13","2","0","0","","0","0","0","21"
"rnd\pipeline\page.tsx","NONE","0","0","","0","0","0","0","0","0","0","0","0","0","0","0","0","0","0","0","0","0","0","0","0","0","0","","0","0","0","0"
"rnd\project-monitoring\page.tsx","DNA","1","0","","6","2","1","1","2","3","2","3","0","0","0","0","0","0","2","5","0","0","0","15","2","0","0","","0","0","0","22"
"rnd\repository\page.tsx","MIXED","1","1","from ""@/components/ui/table""","0","0","0","0","0","0","0","0","0","0","0","0","0","0","0","0","0","0","2","5","0","0","0","","0","0","0","6"
"rnd\revision-tracker\page.tsx","MIXED","1","2","from ""@/components/ui/table""; from ""@/components/ui/tabs""","0","0","0","0","0","0","0","0","0","0","0","0","0","0","0","0","0","0","2","0","0","0","0","","0","0","0","0"
"rnd\schedule\page.tsx","DNA","1","0","","4","2","0","1","0","3","2","3","0","0","0","0","0","0","2","5","0","0","0","13","2","0","0","","0","0","0","23"
"scm\checklist-progress\page.tsx","DNA","1","0","","1","2","0","1","0","3","2","0","1","0","0","0","0","0","2","3","0","0","0","5","0","6","2","280,433","0","0","0","18"
"scm\kebutuhan-barang\page.tsx","DNA","1","0","","0","0","0","1","0","4","3","3","2","0","0","0","0","0","3","4","0","1","2","0","0","0","0","","0","0","0","21"
"scm\mrp\page.tsx","UI","0","1","from ""@/components/ui/tabs""","0","0","0","0","0","0","0","0","0","0","0","0","0","0","0","0","0","0","0","0","0","0","0","","0","0","0","-1"
"scm\pembelian\page.tsx","DNA","1","0","","0","0","0","2","0","4","3","3","2","0","0","0","0","0","3","4","0","0","2","0","0","0","0","","0","0","0","19"
"scm\pembelian\create\page.tsx","DNA","1","0","","1","0","1","0","1","2","3","0","0","0","0","0","0","0","3","0","0","8","12","0","0","0","0","","0","0","0","26"
"scm\purchase-approval\page.tsx","MIXED","1","4","from ""@/components/ui/table""; from ""@/components/ui/dialog""; from ""@/components/ui/textarea""; from ""@/components/ui/label""","0","1","0","0","2","0","0","0","0","0","0","0","0","0","0","0","0","0","13","5","0","0","1","124","0","0","0","13"
"scm\purchase-requests\page.tsx","DNA","1","0","","0","0","1","2","0","4","3","3","1","0","0","0","0","0","3","8","0","6","6","0","0","0","0","","0","0","0","31"
"scm\purchase-returns\page.tsx","DNA","1","0","","2","3","1","2","0","3","2","3","0","0","0","0","0","0","2","5","0","0","0","11","2","0","0","","0","0","0","20"
"scm\purchasing\page.tsx","MIXED","1","7","from ""@/components/ui/button""; from ""@/components/ui/input""; from ""@/components/ui/label""; from ""@/components/ui/textarea""; from ""@/components/ui/table""; from ""@/components/ui/dialog""; from ""@/components/ui/select""","0","0","0","0","4","0","0","0","0","0","0","0","0","0","0","0","0","0","11","7","0","0","1","554","0","1","0","11"
"scm\purchasing\down-payment\page.tsx","MIXED","1","2","from ""@/components/ui/button""; from ""@/components/ui/table""","0","2","1","0","3","0","0","0","0","0","0","0","0","0","0","0","0","0","6","3","0","0","0","","0","0","0","4"
"scm\purchasing\payments\page.tsx","MIXED","1","3","from ""@/components/ui/button""; from ""@/components/ui/table""; from ""@/components/ui/checkbox""","0","1","1","0","1","0","0","0","0","0","0","0","0","0","0","0","0","0","4","3","0","0","0","","0","0","0","2"
"scm\rangkuman-kebutuhan\page.tsx","MIXED","1","1","from ""@/components/ui/table""","0","1","0","0","1","0","0","0","0","0","0","0","0","0","0","0","0","0","5","3","0","0","0","","0","0","0","6"
"scm\receiving\page.tsx","MIXED","1","4","from ""@/components/ui/button""; from ""@/components/ui/table""; from ""@/components/ui/dialog""; from ""@/components/ui/select""","0","0","0","0","0","0","0","0","0","0","0","0","0","0","0","0","0","0","4","9","0","0","1","197","0","1","0","9"
"scm\vendors\performance\page.tsx","MIXED","1","1","from ""@/components/ui/table""","0","0","0","0","0","0","0","0","0","0","0","0","0","0","0","0","0","0","0","7","0","0","2","182,183","0","0","0","6"
"scm\warehouse\mutation\page.tsx","MIXED","1","2","from ""@/components/ui/button""; from ""@/components/ui/table""","0","3","1","0","0","0","0","0","0","0","0","0","0","0","0","0","0","0","3","9","0","0","1","342","0","0","0","6"
"scm\warehouse\requisition\page.tsx","DNA","1","0","","4","4","0","3","0","3","2","3","0","0","0","0","0","0","2","5","0","0","0","11","2","0","0","","0","0","0","17"
"system\audit-ledger\page.tsx","DNA","0","0","","1","0","0","0","0","0","0","0","0","0","0","0","0","0","0","0","0","0","2","0","0","0","0","","6","0","0","1"
"system\change-requests\page.tsx","MIXED","1","1","from ""@/components/ui/dialog""","0","1","1","0","0","0","0","0","0","0","0","0","0","0","0","0","0","0","2","3","0","0","0","","0","0","0","2"
"system\company\page.tsx","DNA","1","0","","0","0","0","0","0","0","2","0","0","0","0","0","0","0","0","0","0","0","17","9","0","0","0","","0","0","0","28"
"system\profile\page.tsx","DNA","1","0","","0","0","0","0","0","0","2","0","0","0","0","0","0","0","0","0","0","0","8","9","0","0","0","","0","0","0","19"
"system\request-list\page.tsx","MIXED","1","1","from ""@/components/ui/table""","0","0","0","0","0","0","0","0","0","0","0","0","0","0","0","0","0","0","2","5","0","0","0","","0","0","0","6"
"system\settings\page.tsx","DNA","1","0","","1","0","0","0","0","0","2","0","0","0","0","0","0","0","0","0","0","2","9","5","0","0","0","","0","0","0","17"
"user\todo\page.tsx","UI","0","4","from ""@/components/ui/button""; from ""@/components/ui/badge""; from ""@/components/ui/table""; from ""@/components/ui/dropdown-menu""","0","0","0","0","0","0","0","0","0","0","0","0","0","0","0","0","0","0","0","0","0","0","0","","10","0","0","-4"
"warehouse\page.tsx","NONE","0","0","","0","0","0","0","0","0","0","0","0","0","0","0","0","0","0","0","0","0","0","0","0","0","0","","0","0","0","0"
"warehouse\adjustment\page.tsx","DNA","1","0","","2","4","1","3","0","3","2","3","0","0","0","0","0","0","2","5","0","0","0","11","2","0","0","","0","0","0","18"
"warehouse\gudang\page.tsx","DNA","1","0","","13","8","1","3","0","7","2","3","0","0","0","0","0","0","2","7","0","0","0","9","2","0","0","","0","0","0","7"
"warehouse\hub\page.tsx","MIXED","0","3","from ""@/components/ui/button""; from ""@/components/ui/sheet""; from ""@/components/ui/tabs""","0","0","0","1","0","0","0","0","0","0","0","0","0","0","0","0","0","0","0","8","0","0","1","304","0","0","0","4"
"warehouse\inbound\page.tsx","DNA","1","0","","6","2","1","2","1","3","2","3","0","0","0","0","0","0","2","5","0","0","0","11","2","0","0","","0","0","0","17"
"warehouse\map\page.tsx","MIXED","1","1","from ""@/components/ui/button""","0","0","0","0","0","0","0","0","0","0","0","0","0","0","0","0","0","0","0","0","0","0","0","","0","0","0","-1"
"warehouse\mutasi-stok\page.tsx","DNA","1","0","","3","1","0","1","2","3","2","3","0","0","0","0","0","0","2","0","0","0","0","3","0","0","0","","0","0","0","8"
"warehouse\opname\page.tsx","DNA","1","0","","4","1","1","2","0","3","2","3","0","0","0","0","0","0","2","9","0","0","0","17","2","0","0","","0","0","0","30"
"warehouse\pindah-gudang\page.tsx","DNA","1","0","","2","3","1","3","0","3","2","3","0","0","0","0","0","0","2","5","0","0","0","9","2","0","0","","0","0","0","17"
"warehouse\release\page.tsx","DNA","1","0","","4","1","1","2","1","3","2","3","0","0","0","0","0","0","2","5","0","0","0","11","2","0","0","","0","0","0","20"
"warehouse\stok\page.tsx","DNA","1","0","","1","2","0","1","0","3","2","3","0","0","0","0","0","0","2","0","0","0","0","5","0","0","0","","0","0","0","11"
"warehouse\transfers\page.tsx","MIXED","0","4","from ""@/components/ui/button""; from ""@/components/ui/input""; from ""@/components/ui/dialog""; from ""@/components/ui/select""","0","0","0","2","0","0","0","0","0","0","0","0","0","0","0","0","0","0","0","4","0","0","0","","0","0","0","-2"
"warehouse\workstation\page.tsx","MIXED","0","6","from ""@/components/ui/tabs""; from ""@/components/ui/button""; from ""@/components/ui/input""; from ""@/components/ui/dialog""; from ""@/components/ui/select""; from ""@/components/ui/label""","0","0","0","0","0","0","0","0","0","0","0","0","0","0","0","0","0","0","0","8","0","0","2","332,373","0","4","0","2"
