web_scraper_order,web_scraper_start_url,pagination,kodenip,nama,email,phone,hak_akses,data,nama2
"1788652008-1","https://kil.gserp.id/user-manage","","000","Super Admin","goodsyst@gmail.com","081231418159","Administrator","1","https://kil.gserp.id/uploads/common/202606/1782428936_2d32532e28825209553a.jpeg"
"1788652008-2","https://kil.gserp.id/user-manage","","001","Fadilah Syahab","fadilah.syahab@dreamlab.id","087722291012","Administrator","2","https://kil.gserp.id/uploads/default.png"
"1788652008-3","https://kil.gserp.id/user-manage","","002","Achmad Bagir","achmad.bagir@dreamlab.id","081999122990","Administrator","3","https://kil.gserp.id/uploads/default.png"
"1788652008-4","https://kil.gserp.id/user-manage","","003","Zaki","zaki@dreamlab.id","085659360766","Administrator","4","https://kil.gserp.id/uploads/default.png"
"1788652008-5","https://kil.gserp.id/user-manage","","004","Fatimah Amira","fatimah.amira@dreamlab.id","085174191902","Head Research and Development","5","https://kil.gserp.id/uploads/default.png"
"1788652008-6","https://kil.gserp.id/user-manage","","005","Ribut Supriyono","ribut.supriyono@dreamlab.id","085604348983","Research and Development","6","https://kil.gserp.id/uploads/default.png"
"1788652008-7","https://kil.gserp.id/user-manage","","006","Riyantita Tunjungsari","riyantita.tunjungsari@dreamlab.id","081356351997","Production Mixing & Filling","7","https://kil.gserp.id/uploads/default.png"
"1788652008-8","https://kil.gserp.id/user-manage","","007","Muhammad Ghufron","muhammad.ghufron@dreamlab.id","0895341099232","Warehouse","8","https://kil.gserp.id/uploads/default.png"
"1788652008-9","https://kil.gserp.id/user-manage","","008","Akhmad Ratriono Anggoro","akhmad.ratriono@dreamlab.id","081213971639","Business Development","9","https://kil.gserp.id/uploads/default.png"
"1788652008-10","https://kil.gserp.id/user-manage","","009","Dicky Barkah","dicky.barkah@dreamlab.id","628979152855","Production Packaging","10","https://kil.gserp.id/uploads/default.png"
"1788652008-11","https://kil.gserp.id/user-manage","","010","Keviana","keviana@dreamlab.id","62895375470001","Business Development","11","https://kil.gserp.id/uploads/default.png"
"1788652008-12","https://kil.gserp.id/user-manage","","012","Irma Safarina","irma.safarina@dreamlab.id","083820898788","BusDev + Purchasing","12","https://kil.gserp.id/uploads/default.png"
"1788652008-13","https://kil.gserp.id/user-manage","","013","Ekky Ilham","ekky.ilham@dreamlab.id","081214727282","Finance","13","https://kil.gserp.id/uploads/default.png"
"1788652008-14","https://kil.gserp.id/user-manage","","014","Irma Finance","irma.finance@dreamlab.id","088229186548","Finance","14","https://kil.gserp.id/uploads/default.png"
"1788652008-15","https://kil.gserp.id/user-manage","","015","Vira","vira@dreamlab.id","088235482487","Business Development","15","https://kil.gserp.id/uploads/default.png"
"1788652008-16","https://kil.gserp.id/user-manage","","016","Desy","desy@dreamlab.id","085604015560","Business Development","16","https://kil.gserp.id/uploads/default.png"
"1788652008-17","https://kil.gserp.id/user-manage","","017","Gabriella Maulidha","gabriella.maulidha@dreamlab.id","087899752715","Research and Development","17","https://kil.gserp.id/uploads/default.png"
"1788652008-18","https://kil.gserp.id/user-manage","","018","Nur Kholilah","nur.kholilah@dreamlab.id","085851237453","Production Mixing & Filling","18","https://kil.gserp.id/uploads/default.png"
"1788652008-19","https://kil.gserp.id/user-manage","","019","Muhammad Ruhullah","muhammad.ruhullah@dreamlab.id","089524640010","Production Mixing & Filling","19","https://kil.gserp.id/uploads/default.png"
"1788652008-20","https://kil.gserp.id/user-manage","","020","salfa delia fernanda","salfa.delia@dreamlab.id","08819405360","Business Development","20","https://kil.gserp.id/uploads/default.png"
"1788652008-21","https://kil.gserp.id/user-manage","","021","Rudy Affandy","rudy.affandy@dreamlab.id","081358590645","Production Packaging","21","https://kil.gserp.id/uploads/default.png"
"1788652008-22","https://kil.gserp.id/user-manage","","022","Yulia Esther","yulia.esther@dreamlab.id","082337458118","HRD","22","https://kil.gserp.id/uploads/default.png"
"1788652008-23","https://kil.gserp.id/user-manage","","023","Ayu Anindya","ayu.anindya@dreamlab.id","085731558835","Business Development","23","https://kil.gserp.id/uploads/default.png"
"1788652008-24","https://kil.gserp.id/user-manage","","024","Krisna Putra Ramadhani","krisna.putra@dreamlab.id","082230206692","Warehouse","24","https://kil.gserp.id/uploads/default.png"
"1788652008-25","https://kil.gserp.id/user-manage","","025","Ciptaning","ciptaning@dreamlab.id","081334163882","Apoteker Penanggung Jawab","25","https://kil.gserp.id/uploads/default.png"
"1788652008-26","https://kil.gserp.id/user-manage","","026","Panca","panca@dreamlab.id","081231944581","Research and Development","26","https://kil.gserp.id/uploads/default.png"
"1788652008-27","https://kil.gserp.id/user-manage","","027","Diaz Muhammad Irsyadi","diaz.muhammad@dreamlab.id","082266781965","BusDev + HRD","27","https://kil.gserp.id/uploads/default.png"
"1788652008-28","https://kil.gserp.id/user-manage","","028","Edi Design","edi.design@dreamlab.id","6287820625288","Staff Back Office","28","https://kil.gserp.id/uploads/default.png"
"1788652008-29","https://kil.gserp.id/user-manage","","029","BRIAN BUDY CAHYONO","brian.budy@dreamlab.id","083831038899","Research and Development","29","https://kil.gserp.id/uploads/default.png"
"1788652008-30","https://kil.gserp.id/user-manage","","030","Lee Maychael","lee.maychael@dreamlab.id","08112287773","Research and Development","30","https://kil.gserp.id/uploads/default.png"
"1788652008-31","https://kil.gserp.id/user-manage","","031","SHIRLEY IRMA JUNITA","shirley.irma@dreamlab.id","082260099901","Business Development","31","https://kil.gserp.id/uploads/default.png"
"1788652008-32","https://kil.gserp.id/user-manage","","032","Siti","siti@dreamlab.id","0895359873700","Finance","32","https://kil.gserp.id/uploads/default.png"
"1788652008-33","https://kil.gserp.id/user-manage","","033","Estisan Septyana Atwinda","estisan.septyanaatwinda@dreamlab.id","0817403344","Business Development","33","https://kil.gserp.id/uploads/default.png"
"1788652008-34","https://kil.gserp.id/user-manage","","034","Laksmi Diah Ahmada","laksmi.diah@dreamlab.id","0817740233","Head Business Development","34","https://kil.gserp.id/uploads/default.png"
"1788652008-35","https://kil.gserp.id/user-manage","","035","Annisa Shalihah","annisa.shalihah@dreamlab.id","081952417051","Business Development","35","https://kil.gserp.id/uploads/default.png"
"1788652008-36","https://kil.gserp.id/user-manage","","036","Diva","diva@dreamlab.id","087712232389","Business Development","36","https://kil.gserp.id/uploads/default.png"
"1788652008-37","https://kil.gserp.id/user-manage","","037","Latifatus Cahya Ningtyas","latifatus.cahya@dreamlab.id","08123456789","Research and Development","37","https://kil.gserp.id/uploads/default.png"
"1788652008-38","https://kil.gserp.id/user-manage","","038","Revita Yustianawati","revita.yustianawati@dreamlab.id","085816961799","Digital Marketing","38","https://kil.gserp.id/uploads/default.png"
"1788652008-39","https://kil.gserp.id/user-manage","","039","Etika Citra Nuraisah","etika.citra.nuraisah@dreamlab.id","082229212228‬","Finance","39","https://kil.gserp.id/uploads/default.png"
"1788652008-40","https://kil.gserp.id/user-manage","","040","R.A Ami Wulandari Soedewo","ami@dreamlab.id","087776550657","Business Development","40","https://kil.gserp.id/uploads/default.png"
"1788652008-41","https://kil.gserp.id/user-manage","","041","Umar Nurbana","umar.nurbana@dreamlab.id","0895630271008","Warehouse","41","https://kil.gserp.id/uploads/default.png"
"1788652008-42","https://kil.gserp.id/user-manage","","042","Siti Mutmainah","siti.mutmainah@dreamlab.id","087712232381","Business Development","42","https://kil.gserp.id/uploads/default.png"
"1788652008-43","https://kil.gserp.id/user-manage","","01072606","Jessica Dwipuspita","jessica@dreamlab.id","081231418157","Business Development","43","https://kil.gserp.id/uploads/default.png"
"1788652008-44","https://kil.gserp.id/user-manage","","043","Eunike Putriningtyas","eunike@dreamlab.id","085231660403","Purchasing","44","https://kil.gserp.id/uploads/default.png"
"1788652008-45","https://kil.gserp.id/user-manage","","05092602","Edvin Porvianto Sutedjo","edvin@dreamlab.id","081212315021","Finance","45","https://kil.gserp.id/uploads/default.png"
