"Area","Menu","Page","URL","Type","Cards","Table Columns","Inputs","View / Detail","Actions","Notes"
"Dasbor BusDev","D. Buku Tamu","D. Buku Tamu","/dashboard-guest-book","Dashboard","TOTAL LEADS 0 Total Keseluruhan; FOLLOW UP AKTIVITAS 102 Task Selesai (0%); JUMLAH MEETING 1 Offline & Online (Periode Ini); CONVERSION RATE 0.00% Lead to Deal (Close Ratio)","#, Tanggal & Waktu, Nama Klien, Meeting & PIC, Kontak, Kota, Produk Diminati, MOQ, Target Market, Kategori, Status, Aksi","Search","Modal Detail via AJAX (ajaxDetail('4289','modal-lg');)","Pending, Lihat Detail",""
"Dasbor Departemen","D. BusDev","D. BusDev","/dashboard-business-development","Dashboard","—","BD NAME, LEADS, FOLLOW UP, CR SAMPLE, CR DEAL, CLS SAMPLE, CLS NEW CLIENT, CLS RO, ACTUAL REVENUE, STATUS | BRAND / BD, LOST VALUE | NO, BRAND & PRODUK, PELANGGAN, PIC BD, EST. VALUE, TGL SAMPLE, STATUS SAMPLE, STATUS NEGO, SALES CODE, ACTUAL VALUE","Search, users_id","—","PERLU OPTIMASI",""
"Dasbor BusDev","D. Client Produksi","D. Client Produksi","/dashboard-client-production","Dashboard","14.4% SAMPLE → DEAL (344/2394) CONVERSION RATE; 72 HARI SAMPLE → SALES AVG. CLOSING TIME; Rp 28,349,206 RATA-RATA PER SALES AVG. DEAL VALUE; 66 projek","#, Pelanggan, Brand/Produk, Sales Order, BusDev, Mulai, Berakhir, Deadline, Progress, Status Projek, Desain Logo Semua Pending Process Done, HKI Semua Pending Process Done, BPOM Merk Semua Pending Process Done, BPOM NA Semua Pending Process Done, MOU Semua Pending Process Done, Desain Kemasan Semua Pending Process Done, Approval Desain Semua Pending Process Done, Bahan Baku Semua Pending Process Done, Pelunasan Semua Pending Process Done, Mixing Semua Pending Process Done, Bahan Kemas Semua Pending Process Done, Filling Semua Pending Process Done, Label Semua Pending Process Done, Box Semua Pending Process Done, Packing Semua Pending Process Done, Delivery Semua Pending Process Done, #","Filter BusDev:","Modal Detail via AJAX (ajaxDetailSales('436', 'modal-lg'))","SO-202609-000002, Delivery, Pending, Lihat, Lihat Timeline",""
"Dasbor BusDev","D. Client RO","D. Client RO","/dashboard-client-repeat-order","Dashboard","20 projek","#, Pelanggan, Brand/Produk, Sales Order, BusDev, Mulai, Berakhir, Deadline, Progress, Status Projek, Desain Logo Semua Pending Process Done, HKI Semua Pending Process Done, BPOM Merk Semua Pending Process Done, BPOM NA Semua Pending Process Done, MOU Semua Pending Process Done, Desain Kemasan Semua Pending Process Done, Approval Desain Semua Pending Process Done, Bahan Baku Semua Pending Process Done, Pelunasan Semua Pending Process Done, Mixing Semua Pending Process Done, Bahan Kemas Semua Pending Process Done, Filling Semua Pending Process Done, Label Semua Pending Process Done, Box Semua Pending Process Done, Packing Semua Pending Process Done, Delivery Semua Pending Process Done, #","Search, users_id","Modal Detail via AJAX (ajaxDetailSales('438', 'modal-lg'))","SO-202609-000004, Box, Pending, Done, Lihat, Lihat Timeline",""
"Dasbor BusDev","D. Client Sample","D. Client Sample","/dashboard-client-sample","Dashboard","322 Sedang di R&D Sample Dalam Proses; Rp 130,000,000 Pipeline Aktif Rencana Omset; 474 App. Rate: 19.80% Sample Approved; 0.04% Sample → Deal Deal Rate; Rp 0 Dari Deal Pilot Total Omset; Total Tampil: 1915 Proyek","No, Pelanggan / NPF, Info Leads, Catatan Progress, Rencana Deal, Pelacakan Sampel (Status & Revisi), Pelacakan HKI, Suggest, Negosiasi Deal, Status Akhir, Total Omset, MOQ, Rencana Omset, Rev 1, Rev 2, Rev 3, Extra, Progress HKI, Revisi Logo, Kemasan, Desain, Nilai","Filter BusDev:","—","NOT STARTED, APPROVED",""
"Dasbor Departemen","D. Digital Marketing","D. Digital Marketing","/dashboard-digital-marketing","Dashboard","Rp 14.500.000 Total Ads Spend (Bulan Ini); 850.000 Total Impressions; 3.5 % Rata-rata CTR; 320 Total Leads Diperoleh","Campaign, Platform, Leads, Spend","Search","—","—",""
"Dasbor Eksekutif","D. Eksekutif","D. Eksekutif","/dashboard-executive","Dashboard","Rp177.425.000 Omzet Penjualan (Bulan Ini) Detail Penjualan; Rp61.070.160 Total Pembelian (Bulan Ini) Detail Pembelian; 1 Klien Aktif (30 Hari Terakhir) Laporan BusDev; 0 Jadwal Produksi Selesai (Bulan Ini) Detail Produksi; Peringatan Stok Menipis 394 Jenis Barang; Tugas Karyawan Pending 1 Tugas","—","Search","—","—",""
"Dasbor Departemen","D. Gudang","D. Gudang","/dashboard-warehouse","Dashboard","6,116 Total Jenis Barang; 3.561.786 Total Kuantitas Stok; 394 Barang Low Stock; 319 Mutasi Bulan Ini","Kode, Nama Barang, Stok Saat Ini, Min Stok | Tanggal, No Mutasi, Tipe, Barang, Kuantitas","Search","—","—",""
"Dasbor Departemen","D. HR","D. HR","/dashboard-human-resources","Dashboard","—","—","—","—","—",""
"Dasbor","D. Jadwal Produksi","D. Jadwal Produksi","/dashboard-production-schedule","Dashboard","—","Sun Mon Tue Wed Thu Fri Sat, Sun, Mon, Tue, Wed, Thu, Fri, Sat | Sun, Mon, Tue, Wed, Thu, Fri, Sat","Search","—","Previous month, Next month, month, week, day, 30, 31, 1, [JS The Perfection of My Aura] DEAL - DAY CREAM (I CARE B) (Mixing), [JS The Perfection of My Aura] DEAL - FACE SERUM (I CARE B - ACNE) (Mixing), [JS The Perfection of My Aura] DEAL - FACE TONER - REVISI WARNA (SIRIN) (Mixing), [JS The Perfection of My Aura] DEAL - FACE WASH (FORMULA AUREA) (Mixing), 2, 3, [CONSCENTRA] Extrait De Parfum Etheris (Mixing), [CONSCENTRA] Extrait De Parfum Nyara (Mixing), 4, [CONSCENTRA] Extrait De Parfum Noctivus (Mixing), 5, 6, 7, [SIGVIOLET] DEAL - SHAMPOO SIGVIOLET (Mixing), 8, 9, 10, 11, 12, 13, 14, 15, 16, 17, 18, 19, 20, 21, 22, 23, 24, 25, 26, 27, 28, 29",""
"Dasbor Departemen","D. Keuangan","D. Keuangan","/dashboard-finance","Dashboard","Rp0 Pemasukan (Bulan Ini); Rp0 Pengeluaran (Bulan Ini); Rp177.425.000 Nilai Sales (Bulan Ini); Rp61.070.160 Nilai Purchase (Bulan Ini)","Tanggal, No Jurnal, Tipe Jurnal, Debit (Rp), Kredit (Rp), Keterangan","Search","—","—",""
"Dasbor Departemen","D. Legalitas","D. Legalitas","/dashboard-legality","Dashboard","45 Dokumen Aktif; 3 Akan Kadaluarsa (< 30 Hari); 1 Telah Kadaluarsa; 12 Total Perizinan Usaha","Nomor Dokumen, Nama Dokumen, Kategori, Tanggal Berlaku, Status","Search","—","—",""
"Dasbor BusDev","D. Lost","D. Lost","/dashboard-client-lost","Dashboard","144 item; 119 klien","NO, BRAND & PRODUK, PELANGGAN, PIC BD, EST. VALUE DEAL, TGL SAMPLE, STATUS SAMPLE, STATUS LOST | NO, NAMA PELANGGAN, LIFETIME VALUE, TOTAL TRANSAKSI, TGL TERAKHIR ORDER, JEDA TIDAK ORDER, STATUS","Search, users_id","—","Canceled, NOT STARTED",""
"Dasbor Eksekutif","D. Notifikasi","D. Notifikasi","/dashboard-notification","Dashboard","394 Item Stok Menipis Lihat Detail; 0 Produksi Terlambat (>7 Hari) Lihat Detail; 1817 Sample Tertunda (>14 Hari) Lihat Detail; 20 Follow-Up Terlewat Lihat Detail","—","Search","—","—",""
"Dasbor","D. Pelanggan","D. Pelanggan","/dashboard-customer","Dashboard","829 Total Pelanggan; 10 Pelanggan Baru; 1 Pelanggan Aktif; 0 Follow Up Pending; 0 Follow Up Bulan Ini; Rp 12,656,284,761 Total Penjualan; Rp 249,316,390 Total Sales Sample; 10 Pelanggan Tidak Aktif","#, Pelanggan, Jumlah Sales, Total Revenue | #, Pelanggan, Jumlah Sample, Total Nilai | #, Pelanggan, Telepon, Follow Up Terakhir | Tanggal, Pelanggan, Tipe, Status | Kode, Pelanggan, Nilai, Status","Search","—","Lihat Semua 50 Data",""
"Dasbor","D. Penjualan Barang","D. Penjualan Barang","/dashboard-sales-product","Dashboard","5 Total Bulan Ini; 0 Pending; 0 Disetujui; 252 Dalam Proses; 0 Selesai Bulan Ini; Rp 177,425,000 Nilai Bulan Ini; Rp 12,656,284,761 Total Semua Waktu; Rp 35,485,000 Rata-rata per Penjualan","#, Pelanggan, Jumlah, Total Nilai | Kode, Pelanggan, Status, Nilai","Search","—","—",""
"Dasbor","D. Penjualan Sample","D. Penjualan Sample","/dashboard-sales-sample","Dashboard","39 Total Bulan Ini; 0 Pending; 1,854 Dalam Proses; 61 Revisi; 0 Selesai Bulan Ini; Rp 12,180,000 Nilai Bulan Ini; Rp 249,316,390 Total Semua Waktu; Rp 312,308 Rata-rata per Sample","#, Pelanggan, Jumlah, Total Nilai | Kode, Pelanggan, Status, Nilai","Search","—","—",""
"Dasbor Departemen","D. Produksi","D. Produksi","/dashboard-production","Dashboard","0 Jadwal Mixing (Proses); 0 Jadwal Filling (Proses); 0 Jadwal Packaging (Proses); 0 Produksi Selesai (Bulan Ini)","Tanggal, No Realisasi, Kode Jadwal, Status","Search","—","—",""
"Dasbor Departemen","D. Purchasing","D. Purchasing","/dashboard-purchasing","Dashboard","176 Total Supplier Aktif; Rp61.070.160 Nilai PO Bulan Ini; 0 PR Pending; 681 PO Selesai","Supplier, Jml PO, Total Nilai (Rp) | Tanggal, No PO, Supplier, Nilai (Rp), Status","Search","—","—",""
"Dasbor","D. Realisasi Produksi","D. Realisasi Produksi","/dashboard-production-realization","Dashboard","—","Sun Mon Tue Wed Thu Fri Sat, Sun, Mon, Tue, Wed, Thu, Fri, Sat | Sun, Mon, Tue, Wed, Thu, Fri, Sat","Search","—","Previous month, Next month, month, week, day, 30, 31, [GHIMAROW] LUXURIOUS WHITENING BOOSTER, 250 ML (Filling), [IMOZU] Body Lotion Tone Up (Filling), [MILMICHA] Moisturizer Gel ( MILMICHA GLOW ) (Mixing), PRIORITAS EAU DE PARFUM IMOZU PINK CHIFFON (Mixing), 1, 2, 3, [JS The Perfection of My Aura] DEAL - DAY CREAM (I CARE B) (Mixing), [JS The Perfection of My Aura] DEAL - FACE WASH (FORMULA AUREA) (Mixing), 4, 5, 6, 7, 8, 9, 10, 11, 12, 13, 14, 15, 16, 17, 18, 19, 20, 21, 22, 23, 24, 25, 26, 27, 28, 29",""
"Dasbor Departemen","D. RnD","D. RnD","/dashboard-rnd","Dashboard","6,116 Total Barang/Formula; 0 Permintaan Sample (Pending); 261 Sample Diproses (Approved); 474 Sample Selesai; Sampel Masuk 14; Disetujui (Done) 0; Approval Rate 0 %","Nama Formulator, Sampel Masuk, Disetujui","Periode: *","—","—",""
"Dasbor","D. Sample","D. Sample","/dashboard-sample","Dashboard","—","—","—","—","—",""
"Master","Kelola Barang","Kategori Barang","/goods-category-manage","Master List","—","#, Kode, Kategori, Deskripsi, #","Search, GSTable1_length","Modal Detail via AJAX (ajaxDetail(1, 'modal-lg'))","Buat, Lihat, Sunting, Hapus",""
"Master","Kelola Barang","Buat Kategori Barang","/goods-category-manage/create","Form","—","—","Kode * Kode unik kategori, Nama * Nama kategori barang, Deskripsi Keterangan kategori (opsional), Akun Persediaan *, Akun Penjualan *, Akun Retur Penjualan *, Akun Diskon Penjualan *, Persediaan (Perjalanan) *, Akun COGS *, Akun Retur Pembelian *, Akun Barang Belum Faktur *","—","Kembali, Simpan",""
"Master","Kelola Barang","Barang","/goods-manage","Master List","—","#, Kode, Barang, Harga Beli, Kategori, Sub Kategori, Satuan, #","Search, GSTable1_length","[Detail Barang] • Field: Kode, Nama Barang, Kategori, Sub Kategori, Satuan, Harga Beli, Stok Terendah • Tabel Detail: (#, Jenis Akun, Kode CoA, Nama CoA) • Aksi Modal: Hydro Marine Collagen, Bahan Baku, Active, gr, Akun Persediaan, Akun Penjualan, Akun Retur Penjualan, Akun Diskon Penjualan, Persediaan (Perjalanan), Akun COGS, Akun Retur Pembelian, Akun Barang Belum Faktur, Tutup","Buat, Lihat, Sunting, Hapus, Modal Hydro Marine Collagen, Modal Bahan Baku, Modal Active, Modal gr, Modal Akun Persediaan, Modal Akun Penjualan, Modal Akun Retur Penjualan, Modal Akun Diskon Penjualan, Modal Persediaan (Perjalanan), Modal Akun COGS, Modal Akun Retur Pembelian, Modal Akun Barang Belum Faktur, Modal Tutup",""
"Master","Kelola Barang","Buat Barang","/goods-manage/create","Form","—","—","Kategori * Kategori barang, Sub Kategori Sub kategori (opsional), Kode * Kode unik barang, Nama Barang * Nama lengkap barang, Deskripsi Keterangan (opsional), Harga Beli * Harga pembelian, Stok Terendah * Minimum stok alert, Satuan * Unit pengukuran, Foto Barang Gambar produk (opsional), Pilih file, Akun Persediaan *, Akun Penjualan *, Akun Retur Penjualan *, Akun Diskon Penjualan *, Persediaan (Perjalanan) *, Akun COGS *, Akun Retur Pembelian *, Akun Barang Belum Faktur *","—","Kembali, Simpan",""
"Master","Kelola CoA","CoA Jurnal Otomatis","/coa-auto-manage","Master List","—","—","Hutang Dagang akan menjadi CoA hutang dagang saat penerbitan faktur pembelian., Potongan Pembayaran akan menjadi CoA potongan pembayaran saat penerbitan faktur pembelian., Beban Lainnya akan menjadi CoA biaya lainnya saat penerbitan faktur pembelian., PPN Masukan akan menjadi CoA PPN masukan saat penerbitan faktur pembelian, Koreksi Stok akan menjadi CoA lawan persediaan pada stok opname., Persediaan Dalam Perjalanan akan menjadi CoA lawan persediaan saat pengiriman barang., Piutang Dagang akan menjadi CoA piutang dagang saat penerbitan faktur penjualan., Potongan Penjualan akan menjadi CoA potongan penjualan saat penerbitan faktur penjualan dan pembayaran penjualan., PPN Keluaran akan menjadi CoA PPN keluaran saat penerbitan faktur penjualan dan pembayaran penjualan., Uang Muka Pembelian akan menjadi CoA uang muka pembelian., Uang Muka Penjualan akan menjadi CoA uang muka penjualan., Selisih Harga Pembelian akan menjadi CoA selisih harga pembelin saat retur pembelian.","—","Kembali, Simpan",""
"Master","Kelola CoA","CoA","/coa-manage","Master List","—","#, Kode, Nama, Tipe, #","Search","Modal Detail via AJAX (ajaxDetail(1, 'modal-lg'))","Buat, Copy, Excel, Kas/Bank, Lihat, Sunting, Hapus",""
"Master","Kelola CoA","Buat CoA","/coa-manage/create","Form","—","—","Kode * Kode unik akun, Nama * Nama akun, Tipe * Kategori akun, Induk Akun parent (opsional), Header Akun","—","Kembali, Simpan",""
"Master","Kelola Gudang","Hak Akses Gudang","/warehouse-access-manage","Master List","—","#, Nama, Email, Nomor Telepon, Hak Akses, Gudang, #","Search, GSTable1_length","[Hak Akses Gudang] • Input Modal: warehouses_id • Aksi Modal: Tutup","Gudang, Akses Gudang, Modal Tutup",""
"Master","Kelola Gudang","Gudang","/warehouse-manage","Master List","—","#, Gudang, Lokasi, Telepon, #","Search, GSTable1_length","—","Buat, Sunting, Hapus",""
"Master","Kelola Gudang","Buat Gudang","/warehouse-manage/create","Form","—","—","Nama * Nama gudang, Telepon Nomor telepon (opsional), Provinsi * Pilih provinsi, Kota * Pilih provinsi terlebih dahulu, Alamat * Alamat lengkap gudang","—","Kembali, Simpan",""
"Master","Kelola Pelanggan","Kategori Pelanggan","/customer-category-manage","Master List","—","#, Kategori, Deskripsi, #","Search, GSTable1_length","—","Buat, Sunting, Hapus",""
"Master","Kelola Pelanggan","Buat Kategori Pelanggan","/customer-category-manage/create","Form","—","—","Nama Kategori * Nama kategori pelanggan, Deskripsi Keterangan kategori (opsional)","—","Kembali, Simpan",""
"Master","Kelola Pelanggan","Pelanggan","/customer-manage","Master List","59 Calon Pelanggan; 634 Pelanggan Sample; 73 Pelanggan Produk; 53 Pelanggan RO","#, Nama, Telepon, Kategori, Kota, Penginput, SO Sample, SO Produk, Nominal SO Produk, #","BusDev / Penginput:, Kategori Pelanggan:","[Detail Pelanggan] • Field: Nama Pelanggan, Kode Pelanggan, Kategori, Telepon, Email, Tanggal Lahir, Provinsi, Kota/Kabupaten, Alamat, Marketing • Aksi Modal: Vivin Anggi Ardita (FYS), Pelanggan Sample, Tutup","Buat, Export Excel, Lihat, Sunting, Hapus, Modal Vivin Anggi Ardita (FYS), Modal Pelanggan Sample, Modal Tutup",""
"Master","Kelola Pelanggan","Buat Pelanggan","/customer-manage/create","Form","—","—","Nama Pelanggan * Nama lengkap, Kode Pelanggan Kode unik (opsional), Kategori * Kategori pelanggan, Telepon * Nomor telepon, Email Email (opsional), Tanggal Lahir Tanggal lahir (opsional), Business Development Marketing (opsional), Provinsi * Pilih provinsi, Kota * Pilih kota, Alamat Alamat lengkap (opsional)","—","Kembali, Simpan",""
"Master","Kelola Pelanggan","Pelanggan Saya","/customer-my-manage","Master List","—","#, Nama, Telepon, Kategori, Kota, Penginput, #","Search, GSTable1_length","—","Buat",""
"Master","Kelola Pelanggan","Buat Pelanggan Saya","/customer-my-manage/create","Form","—","—","Nama Pelanggan *, Kode Pelanggan, Kategori *, Telepon *, Email, Tanggal Lahir, Provinsi *, Kota *, Alamat","—","Kembali, Simpan",""
"Master","Kelola Pengguna","Hak Akses","/role-manage","Master List","—","#, Hak Akses, #","Search, GSTable1_length","Modal Detail via AJAX (ajaxDetail('1','modal-md');)","Buat, Lihat, Sunting, Hapus",""
"Master","Kelola Pengguna","Buat Hak Akses","/role-manage/create","Form","—","—","Nama * Nama role","—","Kembali, Simpan",""
"Master","Kelola Pengguna","Pengguna","/user-manage","Master List","—","#, Kode/NIP, Nama, Email, Nomor Telepon, Hak Akses, #","Search, GSTable1_length","Modal Detail via AJAX (ajaxDetail('1','modal-lg');)","Pengguna Tidak Aktif, Buat, Lihat, Sunting, Nonaktifkan",""
"Master","Kelola Pengguna","Buat Pengguna","/user-manage/create","Form","—","—","Kode/NIP Kode unik (opsional), Nama * Nama lengkap, Foto Foto profil (opsional), Pilih file, Email Email (opsional), Nomor Telepon Telepon (opsional), Kata Sandi * Password, Konfirmasi Kata Sandi * Ulangi password, Hak Akses * Role pengguna","—","Kembali, Simpan",""
"Master","Kelola Penjualan","Kategori Penjualan","/sales-category","Master List","—","#, Kategori, Deskripsi, #","Search, GSTable1_length","[Detail Kategori Penjualan] • Field: Nama Kategori, Deskripsi • Tabel Detail: (#, Urutan, Nama Timeline, Periode, Total) • Aksi Modal: Produk Baru, Tutup","Buat, Lihat, Timeline, Sunting, Hapus, Modal Produk Baru, Modal Tutup",""
"Master","Kelola Penjualan","Buat Kategori Penjualan","/sales-category/create","Form","—","—","Nama *, Deskripsi","—","Kembali, Simpan",""
"Master","Kelola Penjualan","Target Penjualan","/sales-target","Master List","—","#, Marketing, Periode, Target, Achievement, % Capaian, #","Search, GSTable1_length","—","Buat",""
"Master","Kelola Penjualan","Buat Target Penjualan","/sales-target/create","Form","—","—","Marketing *, Tahun *, Bulan *, Target (Rp) *","—","Kembali, Simpan",""
"Master","Kelola Supplier","Kategori Supplier","/supplier-category-manage","Master List","—","#, Kategori, Deskripsi, #","Search, GSTable1_length","—","Buat, Sunting, Hapus",""
"Master","Kelola Supplier","Buat Kategori Supplier","/supplier-category-manage/create","Form","—","—","Nama Kategori * Nama kategori supplier, Deskripsi Keterangan kategori (opsional)","—","Kembali, Simpan",""
"Master","Kelola Supplier","Supplier","/supplier-manage","Master List","—","#, Supplier, PIC, Telepon, Kategori, Kota, Pajak (%), #","Search, GSTable1_length","[Detail Supplier] • Field: Nama Supplier, Kategori, Kontak Person (PIC), Telepon, Deskripsi, Provinsi, Kota/Kabupaten, Alamat, Pajak • Aksi Modal: DKSH, Bahan Baku, Tutup","Buat, Lihat, Sunting, Hapus, Modal DKSH, Modal Bahan Baku, Modal Tutup",""
"Master","Kelola Supplier","Buat Supplier","/supplier-manage/create","Form","—","—","Nama Supplier * Nama lengkap, Kategori * Kategori supplier, Telepon * Nomor telepon, Kontak Person * Nama PIC, Pajak (%) * Persentase pajak, Deskripsi Keterangan (opsional), Provinsi * Pilih provinsi, Kota * Pilih kota, Alamat Alamat lengkap (opsional)","—","Kembali, Simpan",""
"Persetujuan","Pembelian ~","Pembelian ~","/purchase-approval","Approval List","—","#, Kode, Tanggal, Supplier, Gudang, Pembuat, Nominal, Status, #","Search, GSTable1_length","[Detail Pembelian] Field: Kode, Status, Supplier, Gudang, Pembuat, Tanggal, Jatuh Tempo, Subtotal, Pajak, Grand Total, Catatan • Tabel Detail: (#, Barang, Qty, Harga Satuan, Diskon, Total, Qty Diterima, Sisa) • Riwayat Persetujuan","Riwayat, Lihat, Modal Setuju, Modal Tolak (Input Catatan Tolak), Tutup",""
"Persetujuan","Penjualan Produk ~","Penjualan Produk ~","/sales-approval","Approval List","—","#, Kode, Tanggal, Pelanggan, Kategori, Merek, Pembuat, Total, Status, #","Search, GSTable1_length","[Detail Sales Order] Field: Kode, Status, Pelanggan, Kategori, Brand, Tanggal, Jatuh Tempo, Dibuat Oleh, Grand Total • Tabel Detail: (Tipe, Item / Formula, Netto, Qty, Harga, Subtotal, Diskon, Pajak) • Riwayat Persetujuan","Riwayat, Lihat, Modal Setuju, Modal Tolak, Tutup",""
"Persetujuan","Penjualan Sample ~","Penjualan Sample ~","/sales-sample-approval","Approval List","—","#, Kode, Tanggal, Pelanggan, Nama Produk, Rev, Pembuat, Total, Status, #","Search, GSTable1_length","[Detail Sales Sample] Field: Kode, Status, Pelanggan, Formulator, Tanggal, Pembuat, Harga, Diskon, Subtotal, Pajak, Total • Info Produk: Netto, Form, Color, Flavor, Target, Ref • Deskripsi & Klaim: Material Request, Claim • Nama Produk Inventory • Riwayat Revisi","Riwayat, Lihat, Modal Setuju, Modal Tolak, Tutup",""
"Persetujuan","Permintaan Barang ~","Permintaan Barang ~","/goods-request-approval","Approval List","—","#, Kode, Tanggal, Peminta, Penyedia, Pembuat, Catatan, Status, #","Search, GSTable1_length","[Detail Permintaan Barang] Field: Kode Permintaan, Status, Gudang Asal, Gudang Tujuan, Tanggal Permintaan, Catatan, Pembuat • Tabel Detail: (#, Barang, Qty Diminta, Qty Disetujui, Qty Dikeluarkan, Qty Digunakan, Qty Dikembalikan, Satuan) • Riwayat Persetujuan","Riwayat, Cetak Dokumen, Lihat, Modal Setuju, Modal Tolak, Tutup",""
"Persetujuan","Permintaan HPP ~","Permintaan HPP ~","/request-cogs-approval","Approval List","—","#, Kode, Tanggal, Pelanggan, Sales Sample, Produk, Pembuat, Catatan, Status, #","Search, GSTable1_length","[Detail Permintaan HPP] Field: Kode, Status, Pelanggan, Kode Sample, Produk, Tanggal, Netto Sample, Formula, Kemasan Primer 1 & 2, Kemasan Sekunder • Tabel Detail: (MOQ, HPP Produk, Margin OP, HPP Kemasan Primer, Kemasan Sekunder, Total HPP/pcs) • Riwayat Persetujuan","Riwayat, Lihat, Modal Setuju, Modal Tolak, Tutup",""
"Persetujuan","Permintaan Pembelian ~","Permintaan Pembelian ~","/purchase-request-approval","Approval List","—","#, Kode, Tanggal, Pemohon, Total Item, Catatan, Status, #","Search, GSTable1_length","[Detail Permintaan Pembelian] Field: Kode PR, Pemohon, Tanggal, Catatan, Status • Tabel Detail: (#, Barang, Qty Diminta, Satuan, Keterangan) • Riwayat Persetujuan","Riwayat, Lihat, Modal Setuju, Modal Tolak, Tutup",""
"Persetujuan","Retur Pembelian ~","Retur Pembelian ~","/purchase-return-approval","Approval List","—","#, Tanggal, Kode Retur, Pembelian Masuk, Supplier, Total, Pembuat, Status, #","Search, GSTable1_length","[Detail Retur Pembelian] Field: Kode Retur, Status, Supplier, Gudang, Pembuat, Tanggal, Kode GR, Kode PO, Total Item, Total Jumlah, Catatan • Tabel Detail: (#, Barang, Qty Retur, Harga, Total, Catatan) • Riwayat Persetujuan","Riwayat, Lihat, Modal Setuju, Modal Tolak (Input Alasan Penolakan), Tutup",""
"Persetujuan","Retur Penjualan ~","Retur Penjualan ~","/sales-return-approval","Approval List","—","#, Tanggal, Kode Retur, No. Faktur, Pelanggan, Total, Pembuat, Status, #","Search, GSTable1_length","[Detail Retur Penjualan] Field: Kode Retur, Tanggal Retur, No. Faktur, Pelanggan, Pembuat, Catatan, Status • Tabel Detail: (#, Barang, Qty Retur, Harga, Total, Alasan Retur) • Riwayat Persetujuan","Riwayat, Lihat, Modal Setuju, Modal Tolak, Tutup",""
"Umum","Checklist","Checklist","/checklist","List","—","#, No. Sales, Customer, Produk, Tanggal Mulai, Tanggal Selesai, Pembuat, Status, #","Search, GSTable1_length","—","Riwayat, Buat, Tracking",""
"Umum","Checklist","Buat Checklist","/checklist/create","Form","—","—","Sales * Pilih sales order, Produk Pilih produk (opsional), Customer Info customer, Kategori Sales Info kategori, Tanggal Mulai * Tanggal mulai, Tanggal Selesai * Tanggal selesai, Deskripsi Keterangan (opsional), Desain Logo PIC & durasi, HKI PIC & durasi, BPOM Merk PIC & durasi, BPOM NA PIC & durasi, MOU PIC & durasi, Desain Kemasan PIC & durasi, Approval Desain PIC & durasi, Bahan Baku PIC & durasi, Pelunasan PIC & durasi, Mixing PIC & durasi, Bahan Kemas PIC & durasi, Filling PIC & durasi, Label PIC & durasi, Box PIC & durasi, Packing PIC & durasi, Delivery PIC & durasi, Halal PIC & durasi, Uji Lab PIC & durasi","—","Batal, Simpan Checklist",""
"Umum","Checklist Progress","Checklist Progress","/checklist-progress","List","—","#, No. Sales, Brand/Produk, Customer, Kategori, Tanggal Mulai, Tanggal Selesai, Status, #","Search, GSTable1_length","[Detail Progress Checklist] • Field: Customer, No. Sales, Kategori, Periode, Status Checklist, Status Task, Terakhir Update • Aksi Modal: Tutup","Riwayat, Modal Tutup",""
"Umum","Checklist Tracking","Checklist Tracking","/checklist-tracking","Tracking Matrix","89 projek","#, Pelanggan, Brand/Produk, Sales Order, BusDev, Mulai, Berakhir, Deadline, Progress, Status Projek, Desain Logo Semua Pending Process Done, HKI Semua Pending Process Done, BPOM Merk Semua Pending Process Done, BPOM NA Semua Pending Process Done, MOU Semua Pending Process Done, Desain Kemasan Semua Pending Process Done, Approval Desain Semua Pending Process Done, Bahan Baku Semua Pending Process Done, Pelunasan Semua Pending Process Done, Mixing Semua Pending Process Done, Bahan Kemas Semua Pending Process Done, Filling Semua Pending Process Done, Label Semua Pending Process Done, Box Semua Pending Process Done, Packing Semua Pending Process Done, Delivery Semua Pending Process Done, #","Search, GSTable1_length","[Detail Checklist Tracking] • Field: Customer, No. Sales, Brand, Produk, Status, Periode, Deadline, Dibuat Oleh • Tabel Detail: (#, Kategori, PIC, Lama Hari, Setelah, Status, Catatan, Terakhir Update) • Aksi Modal: Tutup","Halal Uji Lab, Riwayat, SO-202609-000002, Pending, Lihat, Lihat Timeline, Modal Tutup",""
"Umum","Kategori Checklist","Kategori Checklist","/checklist-category","List","—","#, Nama Kategori, Urutan, Lama Hari per Kategori Penjualan, Setelah Kategori, #","Search, GSTable1_length","—","Buat, Sunting, Hapus",""
"Umum","Kategori Checklist","Buat Kategori Checklist","/checklist-category/create","Form","—","Kategori Penjualan, Lama Hari","Nama Kategori * Nama kategori checklist, Urutan * Urutan tampilan (angka), Lama Hari (Default) Dipakai jika sales category tidak ada di tabel bawah, Lama Hari per Kategori Penjualan Isi sesuai kategori penjualan, Setelah Kategori Dimulai setelah kategori ini done","—","Kembali, Simpan","Memiliki sub-tabel keranjang/item dinamis"
"Umum","Kelola Checklist","Kelola Checklist","/checklist-manage","List","—","#, No. Sales, Customer, Brand, Produk, Tanggal Mulai, Tanggal Selesai, Pembuat, Status, #","Search, GSTable1_length","[Detail Checklist] • Field: Customer, No. Sales, Brand, Produk, Periode, Status, Dibuat Oleh, Tanggal Dibuat • Tabel Detail: (#, Kategori, PIC, Lama Hari, Setelah, Status, Catatan, Terakhir Update) • Aksi Modal: Tutup","Riwayat, Tracking, Pending, Lihat, Ubah, Batalkan, Modal Tutup",""
"Operasional","Akuntansi","Jurnal Umum","/general-journal","List","—","#, Kode, Tanggal, Deksripsi, Debit, Kredit, Tipe, Referensi, Status, #","Periode: *","[Detail Jurnal Umum] • Field: Kode, Tanggal, Deskripsi, Referensi, Pembuat, Tipe, Status • Tabel Detail: (#, CoA, Deskripsi, Debit, Kredit) • Aksi Modal: Tutup","Buat, Aktif, Lihat, Print, Modal Tutup",""
"Operasional","Akuntansi","Buat Jurnal Umum","/general-journal/create","Form","—","—","Tanggal Jurnal * Tanggal jurnal umum, Deskripsi Jurnal * Deskripsi umum untuk jurnal ini, Chart of Account (CoA) * Pilih akun untuk jurnal, Deskripsi Entry * Deskripsi khusus untuk entry ini, Debit * Nilai debit (boleh 0), Kredit * Nilai kredit (boleh 0)","—","Tambah ke Keranjang, Kembali, Simpan Jurnal",""
"Operasional","Akuntansi","Kas Bank Masuk","/other-deposit","List","—","#, Kode, Tanggal, Deskripsi, Dari, Kas/Bank, Jumlah, Status, #","Periode: *","—","Buat",""
"Operasional","Akuntansi","Buat Kas Bank Masuk","/other-deposit/create","Form","—","—","Tanggal * Tanggal penerimaan, Kas/Bank * Akun penerimaan, Deskripsi * Keterangan penerimaan, Dari Nama pengirim (opsional), CoA Pendapatan * Akun pendapatan/pemasukan, Memo Keterangan item, Jumlah * Nominal yang diterima","—","Tambah ke Keranjang, Kembali, Simpan",""
"Operasional","Akuntansi","Kas Bank Keluar","/other-payment","List","—","#, Kode, Tanggal, Deskripsi, Kepada, No. Tagihan, Kas/Bank, Jumlah, Status, #","Periode: *","—","Buat",""
"Operasional","Akuntansi","Buat Kas Bank Keluar","/other-payment/create","Form","—","—","Tanggal * Tanggal pembayaran, Deskripsi * Deskripsi umum pembayaran, Kas/Bank * Pilih akun kas/bank untuk pembayaran, Kepada Nama penerima pembayaran (opsional), No. Tagihan Nomor tagihan/invoice (opsional), Chart of Account (CoA) * Pilih akun beban/biaya, Jumlah * Nilai pembayaran, Keterangan Entry Deskripsi khusus untuk entry ini (opsional)","—","Tambah ke Keranjang, Kembali, Simpan Kas Bank Keluar",""
"Operasional","Barang Keluar","Pengiriman Barang","/delivery-out","List","—","#, Kode, Tanggal, No. Sales, Tanggal Sales, Customer, Pembuat, Status, #","Search, GSTable1_length","[Detail Pengiriman] • Field: Kode Pengiriman, Tanggal Pengiriman, Kode Sales, Tanggal Sales, Catatan, Customer, Pengguna, Status • Tabel Detail: (#, Barang, Satuan, Qty Kirim) • Aksi Modal: Tutup","Riwayat, Buat, Pending, Lihat, Print, Batalkan, Modal Tutup",""
"Operasional","Barang Keluar","Buat Pengiriman Barang","/delivery-out/create","Form","—","#, Barang, Satuan, Qty Sales, Qty Tersedia, Qty Kirim","Tanggal, Sales, Catatan Catatan tambahan (opsional), Foto Upload foto pengiriman (opsional), Pilih file...","—","Kembali, Simpan","Memiliki sub-tabel keranjang/item dinamis"
"Operasional","Barang Keluar","Transfer Barang","/goods-transfer","List","—","#, Kode, Tanggal, Gudang Asal, Gudang Tujuan, Pembuat, Status, #","Periode: *","[Detail Transfer Barang] • Field: Kode Transfer, Status, Gudang Asal, Gudang Tujuan, Pembuat, Tanggal Transfer • Tabel Detail: (#, Gambar, Barang, Qty, Catatan) • Aksi Modal: Tutup","Buat, Aktif, Lihat, Print, Batalkan, Modal Tutup",""
"Operasional","Barang Keluar","Buat Transfer Barang","/goods-transfer/create","Form","—","—","Gudang Asal * Gudang asal barang akan dikirim, Gudang Tujuan * Gudang tujuan barang akan diterima, Tanggal Transfer * Tanggal transfer barang dilakukan, Catatan Catatan tambahan untuk transfer ini (opsional), Barang * Pilih barang yang akan ditransfer, Stok Tersedia di Gudang Asal Jumlah stok yang bisa ditransfer, Jumlah (Qty) * Masukkan jumlah barang yang akan ditransfer, Catatan Item Catatan khusus untuk barang ini (opsional)","—","Tambah ke Keranjang, Kembali, Simpan Transfer",""
"Operasional","Barang Keluar","Retur Pembelian","/purchase-return-out","List","—","#, Kode Retur, Tanggal Retur, Supplier, Gudang, Pembuat, Status, #","Search, GSTable1_length","—","Riwayat",""
"Operasional","Barang Masuk","Pembelian Masuk","/purchase-in","List","—","#, Kode, Tanggal, Supplier, Gudang, Pembuat, Status, #","Search, GSTable1_length","Modal Detail via AJAX (ajaxDetail('542','modal-lg');)","Riwayat, Approved, Lihat, Print Warehouse, Terima Barang",""
"Operasional","Barang Masuk","Retur Penjualan","/sales-return-in","List","—","#, Kode Retur, Tanggal Retur, Pelanggan, Pembuat, Status, #","Search, GSTable1_length","—","Riwayat",""
"Operasional","Buku Tamu","Buku Tamu","/guest-book","List","TOTAL LEADS 0 Total Bulan Ini; FOLLOW UP AKTIVITAS 0 Task Selesai (0%); JUMLAH MEETING 0 Offline & Online (Periode Ini); CONVERSION RATE 0.00% Lead to Deal (Close Ratio)","#, Tanggal & Waktu, Nama Klien, Meeting & PIC, Kontak, Kota, Produk Diminati, MOQ, Target Market, Kategori, Aksi","Search, GSTable1_length","—","Riwayat, Buat",""
"Operasional","Buku Tamu","Buat Buku Tamu","/guest-book/create","Form","—","—","Nama Lengkap * Nama tamu atau PIC yang berkunjung, Perusahaan Nama perusahaan asal (opsional), Kontak (Telepon/WA) Nomor yang bisa dihubungi, Email Alamat email aktif, Provinsi Provinsi asal, Kota Kota asal, Alamat Lengkap Alamat detail tamu atau perusahaan, Tipe Kunjungan Status meeting klien, Bertemu Dengan Nama PIC internal, Tujuan Kunjungan Maksud dari kedatangan tamu, Produk Diminati Kategori/jenis produk (jika ada), MOQ Target Estimasi jumlah pesanan, Target Launching Waktu rilis yang diharapkan, Target Market Kalangan pengguna produk, Kategorisasi Status/jenis klien, Catatan Tambahan Informasi pelengkap lainnya","—","Kembali, Simpan Data",""
"Operasional","Client Lost","Client Lost","/client-lost","List","0 item; 0 klien","NO, BRAND & PRODUK, PELANGGAN, PIC BD, EST. VALUE DEAL, TGL SAMPLE, STATUS SAMPLE, STATUS LOST | NO, NAMA PELANGGAN, LIFETIME VALUE, TOTAL TRANSAKSI, TGL TERAKHIR ORDER, JEDA TIDAK ORDER, STATUS","Search","—","—",""
"Operasional","Client Produksi","Client Produksi","/client-production","List","0% SAMPLE → DEAL (0/0) CONVERSION RATE; 0 HARI SAMPLE → SALES AVG. CLOSING TIME; Rp 0 RATA-RATA PER SALES AVG. DEAL VALUE; 0 projek","#, Pelanggan, Brand/Produk, Sales Order, BusDev, Mulai, Berakhir, Deadline, Progress, Status Projek, Desain Logo Semua Pending Process Done, HKI Semua Pending Process Done, BPOM Merk Semua Pending Process Done, BPOM NA Semua Pending Process Done, MOU Semua Pending Process Done, Desain Kemasan Semua Pending Process Done, Approval Desain Semua Pending Process Done, Bahan Baku Semua Pending Process Done, Pelunasan Semua Pending Process Done, Mixing Semua Pending Process Done, Bahan Kemas Semua Pending Process Done, Filling Semua Pending Process Done, Label Semua Pending Process Done, Box Semua Pending Process Done, Packing Semua Pending Process Done, Delivery Semua Pending Process Done, #","Search","—","—",""
"Operasional","Client RO","Client RO","/client-repeat-order","List","0 projek","#, Pelanggan, Brand/Produk, Sales Order, BusDev, Mulai, Berakhir, Deadline, Progress, Status Projek, Desain Logo Semua Pending Process Done, HKI Semua Pending Process Done, BPOM Merk Semua Pending Process Done, BPOM NA Semua Pending Process Done, MOU Semua Pending Process Done, Desain Kemasan Semua Pending Process Done, Approval Desain Semua Pending Process Done, Bahan Baku Semua Pending Process Done, Pelunasan Semua Pending Process Done, Mixing Semua Pending Process Done, Bahan Kemas Semua Pending Process Done, Filling Semua Pending Process Done, Label Semua Pending Process Done, Box Semua Pending Process Done, Packing Semua Pending Process Done, Delivery Semua Pending Process Done, #","Search","—","—",""
"Operasional","Client Sample","Client Sample","/client-sample","List","0 Sedang di R&D Sample Dalam Proses; Rp 0 Pipeline Aktif Rencana Omset; 0 App. Rate: 0.00% Sample Approved; 0.00% Sample → Deal Deal Rate; Rp 0 Dari Deal Pilot Total Omset; Total Tampil: 0 Proyek","No, Pelanggan / NPF, Info Leads, Catatan Progress, Rencana Deal, Pelacakan Sampel (Status & Revisi), Pelacakan HKI, Suggest, Negosiasi Deal, Status Akhir, Total Omset, Aksi, MOQ, Rencana Omset, Rev 1, Rev 2, Rev 3, Extra, Progress HKI, Revisi Logo, Kemasan, Desain, Nilai","Pipeline Deal (Rencana Omset), Realisasi Omset, MOQ, Status HKI, Status Revisi Logo/Desain, Upload Suggest Kemasan, Upload Suggest Desain, Upload Suggest Nilai, Negosiasi Deal","—","Simpan",""
"Operasional","Kebutuhan Barang","Kebutuhan Barang","/need-for-goods","List","—","#, Kode, Tanggal, Sales / Customer / Produk / Brand, Pembuat, Status, # | #, Nama Barang, Kebutuhan Qty, Stok, Selisih, Qty Order, Catatan, Tanggal, No. Pembelian, Supplier, Qty, Harga, Tanggal, No. Pembelian, Supplier, Qty, Harga, Tanggal, No. Pembelian, Supplier, Qty, Harga, Tanggal, No. Pembelian, Supplier, Qty, Harga, Tanggal, No. Pembelian, Supplier, Qty, Harga, Tanggal, No. Pembelian, Supplier, Qty, Harga, Tanggal, No. Pembelian, Supplier, Qty, Harga, Tanggal, No. Pembelian, Supplier, Qty, Harga, Tanggal, No. Pembelian, Supplier, Qty, Harga, Tanggal, No. Pembelian, Supplier, Qty, Harga, Tanggal, No. Pembelian, Supplier, Qty, Harga, Tanggal, No. Pembelian, Supplier, Qty, Harga, Tanggal, No. Pembelian, Supplier, Qty, Harga, Tanggal, No. Pembelian, Supplier, Qty, Harga, Tanggal, No. Pembelian, Supplier, Qty, Harga, Tanggal, No. Pembelian, Supplier, Qty, Harga, Tanggal, No. Pembelian, Supplier, Qty, Harga, Tanggal, No. Pembelian, Supplier, Qty, Harga, Tanggal, No. Pembelian, Supplier, Qty, Harga, Tanggal, No. Pembelian, Supplier, Qty, Harga, Tanggal, No. Pembelian, Supplier, Qty, Harga, Tanggal, No. Pembelian, Supplier, Qty, Harga, Tanggal, No. Pembelian, Supplier, Qty, Harga, Tanggal, No. Pembelian, Supplier, Qty, Harga, Tanggal, No. Pembelian, Supplier, Qty, Harga, Tanggal, No. Pembelian, Supplier, Qty, Harga, Tanggal, No. Pembelian, Supplier, Qty, Harga, Tanggal, No. Pembelian, Supplier, Qty, Harga, Tanggal, No. Pembelian, Supplier, Qty, Harga, Tanggal, No. Pembelian, Supplier, Qty, Harga, Tanggal, No. Pembelian, Supplier, Qty, Harga, Tanggal, No. Pembelian, Supplier, Qty, Harga, Tanggal, No. Pembelian, Supplier, Qty, Harga, Tanggal, No. Pembelian, Supplier, Qty, Harga, Tanggal, No. Pembelian, Supplier, Qty, Harga, Tanggal, No. Pembelian, Supplier, Qty, Harga, Tanggal, No. Pembelian, Supplier, Qty, Harga, Tanggal, No. Pembelian, Supplier, Qty, Harga, Tanggal, No. Pembelian, Supplier, Qty, Harga, Tanggal, No. Pembelian, Supplier, Qty, Harga, Tanggal, No. Pembelian, Supplier, Qty, Harga, Tanggal, No. Pembelian, Supplier, Qty, Harga, Tanggal, No. Pembelian, Supplier, Qty, Harga, Tanggal, No. Pembelian, Supplier, Qty, Harga, Tanggal, No. Pembelian, Supplier, Qty, Harga, Tanggal, No. Pembelian, Supplier, Qty, Harga, Tanggal, No. Pembelian, Supplier, Qty, Harga, Tanggal, No. Pembelian, Supplier, Qty, Harga, Tanggal, No. Pembelian, Supplier, Qty, Harga, Tanggal, No. Pembelian, Supplier, Qty, Harga, Tanggal, No. Pembelian, Supplier, Qty, Harga, Tanggal, No. Pembelian, Supplier, Qty, Harga, Tanggal, No. Pembelian, Supplier, Qty, Harga, Tanggal, No. Pembelian, Supplier, Qty, Harga, Tanggal, No. Pembelian, Supplier, Qty, Harga, Tanggal, No. Pembelian, Supplier, Qty, Harga, Tanggal, No. Pembelian, Supplier, Qty, Harga, Tanggal, No. Pembelian, Supplier, Qty, Harga, Tanggal, No. Pembelian, Supplier, Qty, Harga, Tanggal, No. Pembelian, Supplier, Qty, Harga, Tanggal, No. Pembelian, Supplier, Qty, Harga, Tanggal, No. Pembelian, Supplier, Qty, Harga, Tanggal, No. Pembelian, Supplier, Qty, Harga, Tanggal, No. Pembelian, Supplier, Qty, Harga, Tanggal, No. Pembelian, Supplier, Qty, Harga, Tanggal, No. Pembelian, Supplier, Qty, Harga, Tanggal, No. Pembelian, Supplier, Qty, Harga, Tanggal, No. Pembelian, Supplier, Qty, Harga, Tanggal, No. Pembelian, Supplier, Qty, Harga, Tanggal, No. Pembelian, Supplier, Qty, Harga, Tanggal, No. Pembelian, Supplier, Qty, Harga, Tanggal, No. Pembelian, Supplier, Qty, Harga, Tanggal, No. Pembelian, Supplier, Qty, Harga, Tanggal, No. Pembelian, Supplier, Qty, Harga, Tanggal, No. Pembelian, Supplier, Qty, Harga, Tanggal, No. Pembelian, Supplier, Qty, Harga, Tanggal, No. Pembelian, Supplier, Qty, Harga, Tanggal, No. Pembelian, Supplier, Qty, Harga, Tanggal, No. Pembelian, Supplier, Qty, Harga, Tanggal, No. Pembelian, Supplier, Qty, Harga, Tanggal, No. Pembelian, Supplier, Qty, Harga, Tanggal, No. Pembelian, Supplier, Qty, Harga, Tanggal, No. Pembelian, Supplier, Qty, Harga, Tanggal, No. Pembelian, Supplier, Qty, Harga, Tanggal, No. Pembelian, Supplier, Qty, Harga, Tanggal, No. Pembelian, Supplier, Qty, Harga, Tanggal, No. Pembelian, Supplier, Qty, Harga, Tanggal, No. Pembelian, Supplier, Qty, Harga, Tanggal, No. Pembelian, Supplier, Qty, Harga, Tanggal, No. Pembelian, Supplier, Qty, Harga, Tanggal, No. Pembelian, Supplier, Qty, Harga, Tanggal, No. Pembelian, Supplier, Qty, Harga, Tanggal, No. Pembelian, Supplier, Qty, Harga, Tanggal, No. Pembelian, Supplier, Qty, Harga, Tanggal, No. Pembelian, Supplier, Qty, Harga, Tanggal, No. Pembelian, Supplier, Qty, Harga, Tanggal, No. Pembelian, Supplier, Qty, Harga, Tanggal, No. Pembelian, Supplier, Qty, Harga, Tanggal, No. Pembelian, Supplier, Qty, Harga, Tanggal, No. Pembelian, Supplier, Qty, Harga, Tanggal, No. Pembelian, Supplier, Qty, Harga, Tanggal, No. Pembelian, Supplier, Qty, Harga, Tanggal, No. Pembelian, Supplier, Qty, Harga, Tanggal, No. Pembelian, Supplier, Qty, Harga, Tanggal, No. Pembelian, Supplier, Qty, Harga, Tanggal, No. Pembelian, Supplier, Qty, Harga, Tanggal, No. Pembelian, Supplier, Qty, Harga, Tanggal, No. Pembelian, Supplier, Qty, Harga, Tanggal, No. Pembelian, Supplier, Qty, Harga, Tanggal, No. Pembelian, Supplier, Qty, Harga, Tanggal, No. Pembelian, Supplier, Qty, Harga, Tanggal, No. Pembelian, Supplier, Qty, Harga, Tanggal, No. Pembelian, Supplier, Qty, Harga, Tanggal, No. Pembelian, Supplier, Qty, Harga, Tanggal, No. Pembelian, Supplier, Qty, Harga, Tanggal, No. Pembelian, Supplier, Qty, Harga, Tanggal, No. Pembelian, Supplier, Qty, Harga, Tanggal, No. Pembelian, Supplier, Qty, Harga, Tanggal, No. Pembelian, Supplier, Qty, Harga, Tanggal, No. Pembelian, Supplier, Qty, Harga, Tanggal, No. Pembelian, Supplier, Qty, Harga, Tanggal, No. Pembelian, Supplier, Qty, Harga, Tanggal, No. Pembelian, Supplier, Qty, Harga, Tanggal, No. Pembelian, Supplier, Qty, Harga, Tanggal, No. Pembelian, Supplier, Qty, Harga, Tanggal, No. Pembelian, Supplier, Qty, Harga, Tanggal, No. Pembelian, Supplier, Qty, Harga, Tanggal, No. Pembelian, Supplier, Qty, Harga, Tanggal, No. Pembelian, Supplier, Qty, Harga, Tanggal, No. Pembelian, Supplier, Qty, Harga, Tanggal, No. Pembelian, Supplier, Qty, Harga, Tanggal, No. Pembelian, Supplier, Qty, Harga, Tanggal, No. Pembelian, Supplier, Qty, Harga, Tanggal, No. Pembelian, Supplier, Qty, Harga, Tanggal, No. Pembelian, Supplier, Qty, Harga, Tanggal, No. Pembelian, Supplier, Qty, Harga, Tanggal, No. Pembelian, Supplier, Qty, Harga, Tanggal, No. Pembelian, Supplier, Qty, Harga, Tanggal, No. Pembelian, Supplier, Qty, Harga, Tanggal, No. Pembelian, Supplier, Qty, Harga, Tanggal, No. Pembelian, Supplier, Qty, Harga, Tanggal, No. Pembelian, Supplier, Qty, Harga, Tanggal, No. Pembelian, Supplier, Qty, Harga, Tanggal, No. Pembelian, Supplier, Qty, Harga, Tanggal, No. Pembelian, Supplier, Qty, Harga, Tanggal, No. Pembelian, Supplier, Qty, Harga, Tanggal, No. Pembelian, Supplier, Qty, Harga, Tanggal, No. Pembelian, Supplier, Qty, Harga, Tanggal, No. Pembelian, Supplier, Qty, Harga, Tanggal, No. Pembelian, Supplier, Qty, Harga, Tanggal, No. Pembelian, Supplier, Qty, Harga, Tanggal, No. Pembelian, Supplier, Qty, Harga, Tanggal, No. Pembelian, Supplier, Qty, Harga, Tanggal, No. Pembelian, Supplier, Qty, Harga, Tanggal, No. Pembelian, Supplier, Qty, Harga, Tanggal, No. Pembelian, Supplier, Qty, Harga, Tanggal, No. Pembelian, Supplier, Qty, Harga, Tanggal, No. Pembelian, Supplier, Qty, Harga | Tanggal, No. Pembelian, Supplier, Qty, Harga | Tanggal, No. Pembelian, Supplier, Qty, Harga | Tanggal, No. Pembelian, Supplier, Qty, Harga | Tanggal, No. Pembelian, Supplier, Qty, Harga | Tanggal, No. Pembelian, Supplier, Qty, Harga | Tanggal, No. Pembelian, Supplier, Qty, Harga | Tanggal, No. Pembelian, Supplier, Qty, Harga | Tanggal, No. Pembelian, Supplier, Qty, Harga | Tanggal, No. Pembelian, Supplier, Qty, Harga | Tanggal, No. Pembelian, Supplier, Qty, Harga | Tanggal, No. Pembelian, Supplier, Qty, Harga | Tanggal, No. Pembelian, Supplier, Qty, Harga | Tanggal, No. Pembelian, Supplier, Qty, Harga | Tanggal, No. Pembelian, Supplier, Qty, Harga | Tanggal, No. Pembelian, Supplier, Qty, Harga | Tanggal, No. Pembelian, Supplier, Qty, Harga | Tanggal, No. Pembelian, Supplier, Qty, Harga | Tanggal, No. Pembelian, Supplier, Qty, Harga | Tanggal, No. Pembelian, Supplier, Qty, Harga | Tanggal, No. Pembelian, Supplier, Qty, Harga | Tanggal, No. Pembelian, Supplier, Qty, Harga | Tanggal, No. Pembelian, Supplier, Qty, Harga | Tanggal, No. Pembelian, Supplier, Qty, Harga | Tanggal, No. Pembelian, Supplier, Qty, Harga | Tanggal, No. Pembelian, Supplier, Qty, Harga | Tanggal, No. Pembelian, Supplier, Qty, Harga | Tanggal, No. Pembelian, Supplier, Qty, Harga | Tanggal, No. Pembelian, Supplier, Qty, Harga | Tanggal, No. Pembelian, Supplier, Qty, Harga | Tanggal, No. Pembelian, Supplier, Qty, Harga | Tanggal, No. Pembelian, Supplier, Qty, Harga | Tanggal, No. Pembelian, Supplier, Qty, Harga | Tanggal, No. Pembelian, Supplier, Qty, Harga | Tanggal, No. Pembelian, Supplier, Qty, Harga | Tanggal, No. Pembelian, Supplier, Qty, Harga | Tanggal, No. Pembelian, Supplier, Qty, Harga | Tanggal, No. Pembelian, Supplier, Qty, Harga | Tanggal, No. Pembelian, Supplier, Qty, Harga | Tanggal, No. Pembelian, Supplier, Qty, Harga | Tanggal, No. Pembelian, Supplier, Qty, Harga | Tanggal, No. Pembelian, Supplier, Qty, Harga | Tanggal, No. Pembelian, Supplier, Qty, Harga | Tanggal, No. Pembelian, Supplier, Qty, Harga | Tanggal, No. Pembelian, Supplier, Qty, Harga | Tanggal, No. Pembelian, Supplier, Qty, Harga | Tanggal, No. Pembelian, Supplier, Qty, Harga | Tanggal, No. Pembelian, Supplier, Qty, Harga | Tanggal, No. Pembelian, Supplier, Qty, Harga | Tanggal, No. Pembelian, Supplier, Qty, Harga | Tanggal, No. Pembelian, Supplier, Qty, Harga | Tanggal, No. Pembelian, Supplier, Qty, Harga | Tanggal, No. Pembelian, Supplier, Qty, Harga | Tanggal, No. Pembelian, Supplier, Qty, Harga | Tanggal, No. Pembelian, Supplier, Qty, Harga | Tanggal, No. Pembelian, Supplier, Qty, Harga | Tanggal, No. Pembelian, Supplier, Qty, Harga | Tanggal, No. Pembelian, Supplier, Qty, Harga | Tanggal, No. Pembelian, Supplier, Qty, Harga | Tanggal, No. Pembelian, Supplier, Qty, Harga | Tanggal, No. Pembelian, Supplier, Qty, Harga | Tanggal, No. Pembelian, Supplier, Qty, Harga | Tanggal, No. Pembelian, Supplier, Qty, Harga | Tanggal, No. Pembelian, Supplier, Qty, Harga | Tanggal, No. Pembelian, Supplier, Qty, Harga | Tanggal, No. Pembelian, Supplier, Qty, Harga | Tanggal, No. Pembelian, Supplier, Qty, Harga | Tanggal, No. Pembelian, Supplier, Qty, Harga | Tanggal, No. Pembelian, Supplier, Qty, Harga | Tanggal, No. Pembelian, Supplier, Qty, Harga | Tanggal, No. Pembelian, Supplier, Qty, Harga | Tanggal, No. Pembelian, Supplier, Qty, Harga | Tanggal, No. Pembelian, Supplier, Qty, Harga | Tanggal, No. Pembelian, Supplier, Qty, Harga | Tanggal, No. Pembelian, Supplier, Qty, Harga | Tanggal, No. Pembelian, Supplier, Qty, Harga | Tanggal, No. Pembelian, Supplier, Qty, Harga | Tanggal, No. Pembelian, Supplier, Qty, Harga | Tanggal, No. Pembelian, Supplier, Qty, Harga | Tanggal, No. Pembelian, Supplier, Qty, Harga | Tanggal, No. Pembelian, Supplier, Qty, Harga | Tanggal, No. Pembelian, Supplier, Qty, Harga | Tanggal, No. Pembelian, Supplier, Qty, Harga | Tanggal, No. Pembelian, Supplier, Qty, Harga | Tanggal, No. Pembelian, Supplier, Qty, Harga | Tanggal, No. Pembelian, Supplier, Qty, Harga | Tanggal, No. Pembelian, Supplier, Qty, Harga | Tanggal, No. Pembelian, Supplier, Qty, Harga | Tanggal, No. Pembelian, Supplier, Qty, Harga | Tanggal, No. Pembelian, Supplier, Qty, Harga | Tanggal, No. Pembelian, Supplier, Qty, Harga | Tanggal, No. Pembelian, Supplier, Qty, Harga | Tanggal, No. Pembelian, Supplier, Qty, Harga | Tanggal, No. Pembelian, Supplier, Qty, Harga | Tanggal, No. Pembelian, Supplier, Qty, Harga | Tanggal, No. Pembelian, Supplier, Qty, Harga | Tanggal, No. Pembelian, Supplier, Qty, Harga | Tanggal, No. Pembelian, Supplier, Qty, Harga | Tanggal, No. Pembelian, Supplier, Qty, Harga | Tanggal, No. Pembelian, Supplier, Qty, Harga | Tanggal, No. Pembelian, Supplier, Qty, Harga | Tanggal, No. Pembelian, Supplier, Qty, Harga | Tanggal, No. Pembelian, Supplier, Qty, Harga | Tanggal, No. Pembelian, Supplier, Qty, Harga | Tanggal, No. Pembelian, Supplier, Qty, Harga | Tanggal, No. Pembelian, Supplier, Qty, Harga | Tanggal, No. Pembelian, Supplier, Qty, Harga | Tanggal, No. Pembelian, Supplier, Qty, Harga | Tanggal, No. Pembelian, Supplier, Qty, Harga | Tanggal, No. Pembelian, Supplier, Qty, Harga | Tanggal, No. Pembelian, Supplier, Qty, Harga | Tanggal, No. Pembelian, Supplier, Qty, Harga | Tanggal, No. Pembelian, Supplier, Qty, Harga | Tanggal, No. Pembelian, Supplier, Qty, Harga | Tanggal, No. Pembelian, Supplier, Qty, Harga | Tanggal, No. Pembelian, Supplier, Qty, Harga | Tanggal, No. Pembelian, Supplier, Qty, Harga | Tanggal, No. Pembelian, Supplier, Qty, Harga | Tanggal, No. Pembelian, Supplier, Qty, Harga | Tanggal, No. Pembelian, Supplier, Qty, Harga | Tanggal, No. Pembelian, Supplier, Qty, Harga | Tanggal, No. Pembelian, Supplier, Qty, Harga | Tanggal, No. Pembelian, Supplier, Qty, Harga | Tanggal, No. Pembelian, Supplier, Qty, Harga | Tanggal, No. Pembelian, Supplier, Qty, Harga | Tanggal, No. Pembelian, Supplier, Qty, Harga | Tanggal, No. Pembelian, Supplier, Qty, Harga | Tanggal, No. Pembelian, Supplier, Qty, Harga | Tanggal, No. Pembelian, Supplier, Qty, Harga | Tanggal, No. Pembelian, Supplier, Qty, Harga | Tanggal, No. Pembelian, Supplier, Qty, Harga | Tanggal, No. Pembelian, Supplier, Qty, Harga | Tanggal, No. Pembelian, Supplier, Qty, Harga | Tanggal, No. Pembelian, Supplier, Qty, Harga | Tanggal, No. Pembelian, Supplier, Qty, Harga | Tanggal, No. Pembelian, Supplier, Qty, Harga | Tanggal, No. Pembelian, Supplier, Qty, Harga | Tanggal, No. Pembelian, Supplier, Qty, Harga | Tanggal, No. Pembelian, Supplier, Qty, Harga | Tanggal, No. Pembelian, Supplier, Qty, Harga | Tanggal, No. Pembelian, Supplier, Qty, Harga | Tanggal, No. Pembelian, Supplier, Qty, Harga | Tanggal, No. Pembelian, Supplier, Qty, Harga | Tanggal, No. Pembelian, Supplier, Qty, Harga | Tanggal, No. Pembelian, Supplier, Qty, Harga | Tanggal, No. Pembelian, Supplier, Qty, Harga | Tanggal, No. Pembelian, Supplier, Qty, Harga | Tanggal, No. Pembelian, Supplier, Qty, Harga | Tanggal, No. Pembelian, Supplier, Qty, Harga | Tanggal, No. Pembelian, Supplier, Qty, Harga | Tanggal, No. Pembelian, Supplier, Qty, Harga | Tanggal, No. Pembelian, Supplier, Qty, Harga | Tanggal, No. Pembelian, Supplier, Qty, Harga | Tanggal, No. Pembelian, Supplier, Qty, Harga | Tanggal, No. Pembelian, Supplier, Qty, Harga | Tanggal, No. Pembelian, Supplier, Qty, Harga | Tanggal, No. Pembelian, Supplier, Qty, Harga | Tanggal, No. Pembelian, Supplier, Qty, Harga | Tanggal, No. Pembelian, Supplier, Qty, Harga | Tanggal, No. Pembelian, Supplier, Qty, Harga","Catatan, Qty Order","[Detail Kebutuhan Barang] • Field: Kode, Sales, Customer, Produk, Brand, Status, Tanggal, Pembuat, Diselesaikan oleh, Tanggal Penyelesaian • Tabel Detail: (#, Barang, Catatan, Qty, Stok, Selisih) • Aksi Modal: Process, Tutup","Riwayat, Buat, Process, Lihat, Ubah, Selesaikan, Hide, Modal Tutup",""
"Operasional","Kebutuhan Barang","Buat Kebutuhan Barang","/need-for-goods/create","Form","—","#, Kode Bahan, Nama Bahan, Konsentrasi (%), Qty Dibutuhkan","Sales Pilih sales order (opsional), Produk Pilih produk dari sales (opsional), Customer Info customer, Tanggal * Tanggal kebutuhan, Isi Netto (ml/gr) * Kapasitas produk, Qty Produksi (pcs) * Jumlah produksi, Catatan Keterangan (opsional), Qty Produk * Jumlah produk yang akan dibuat, Barang * Nama barang, Qty * Jumlah","—","Tambahkan ke Keranjang, Tambah ke Keranjang, Batal, Simpan","Memiliki sub-tabel keranjang/item dinamis"
"Operasional","Leads","Leads","/leads","List","—","#, Tanggal Leads, Catatan, Total Qty Leads, Aksi","Search, GSTable1_length","—","Buat",""
"Operasional","Leads","Buat Leads","/leads/create","Form","—","Penerima Leads *, Qty Leads *, Aksi","Tanggal Leads *, Catatan","—","Kembali, Simpan","Memiliki sub-tabel keranjang/item dinamis"
"Operasional","Pembelian","DP Pembelian","/purchase-down-payment","List","—","#, Kode DP, Tanggal, No. Pembelian, Supplier, Kas/Bank, Jumlah DP, Terpakai, Sisa, Status, #","Search, GSTable1_length","—","Riwayat, Buat",""
"Operasional","Pembelian","Buat DP Pembelian","/purchase-down-payment/create","Form","—","#, Barang, Qty, Harga, Total","No. Pembelian, Tanggal DP, Kas/Bank, Nominal DP, Catatan","—","Kembali, Simpan","Memiliki sub-tabel keranjang/item dinamis"
"Operasional","Pembelian","Faktur Pembelian","/purchase-invoice","List","—","#, Kode GR, Tanggal, Supplier, Gudang, Total, Pembuat, Status, #","Search, GSTable1_length","Modal Detail via AJAX (ajaxDetailGR('1', 'modal-lg');)","Riwayat, Process, Lihat, Terbitkan Faktur",""
"Operasional","Pembelian","Bayar Pembelian","/purchase-payment","List","—","#, Kode Faktur, Kode GR, Kode PO, Tanggal, Supplier, Grand Total, Dibayar, Sisa, Status, #","Search, GSTable1_length","—","Riwayat Faktur, Riwayat Pembayaran",""
"Operasional","Pembelian","Retur Pembelian","/purchase-return","List","—","#, Tanggal, Kode Retur, Pembelian Masuk, Supplier, Total, Status, #","Search, GSTable1_length","[Detail Retur Pembelian] • Field: Kode, Status, Supplier, Gudang, Pembuat, Tanggal, Kode GR, Kode PO, Total Item, Total Jumlah • Tabel Detail: (#, Barang, Qty Retur, Harga, Total, Catatan) • Aksi Modal: Tutup","Riwayat, Buat, Modal Tutup",""
"Operasional","Pembelian","Buat Retur Pembelian","/purchase-return/create","Form","—","#, Barang, Satuan, Qty GR, Sudah Diretur, Qty Tersedia, Qty Retur, Catatan, Total","Tanggal, Pembelian Masuk, Catatan","—","Kembali, Simpan","Memiliki sub-tabel keranjang/item dinamis"
"Operasional","Pembelian","Buat Pembelian (Form)","/purchase/create","Form","—","—","Gudang * Gudang tujuan, Supplier * Nama supplier, Tanggal * Tanggal pembelian, Jatuh Tempo * Batas pembayaran, Catatan Keterangan (opsional), Barang * Nama barang, Qty * Jumlah, Harga * Harga satuan, Total Otomatis","—","Tambah ke Keranjang, Batal, Simpan Pembelian",""
"Operasional","Penjualan","Penjualan","/sales","List","—","#, Kode, Tanggal, Pelanggan, Kategori, Merek, Total, Status, #","Search, GSTable1_length","—","Riwayat, Buat",""
"Operasional","Penjualan","DP Penjualan","/sales-down-payment","List","—","#, Kode DP, Tanggal, No. Penjualan, Pelanggan, Kas/Bank, Jumlah DP, Terpakai, Sisa, Status, #","Search, GSTable1_length","—","Riwayat, Buat",""
"Operasional","Penjualan","Buat DP Penjualan","/sales-down-payment/create","Form","—","#, Tipe, Nama Item, Netto, Harga, Qty, Total","No. Penjualan *, Tanggal DP *, Kas/Bank *, Nominal DP *, Catatan","—","Kembali, Simpan","Memiliki sub-tabel keranjang/item dinamis"
"Operasional","Penjualan","Faktur Penjualan","/sales-invoice","List","—","#, Kode DO, Kode Sales, Tanggal, Pelanggan, Total, Pembuat, Status, #","Search, GSTable1_length","—","Riwayat",""
"Operasional","Penjualan","Bayar Penjualan","/sales-payment","List","—","#, Kode Faktur, Kode DO, Kode SO, Tanggal, Pelanggan, Grand Total, Dibayar, Sisa, Status, #","Search, GSTable1_length","—","Riwayat Faktur, Riwayat Pembayaran",""
"Operasional","Penjualan","Retur Penjualan","/sales-return","List","—","#, Tanggal, Kode Retur, No. Faktur, Pelanggan, Total, Status, #","Search, GSTable1_length","—","Riwayat, Buat Retur",""
"Operasional","Penjualan","Buat Retur Penjualan","/sales-return/create","Form","—","#, Barang, Satuan, Qty Faktur, Sudah Diretur, Qty Tersedia, Qty Retur, Catatan, Total","Tanggal, Faktur Penjualan, Catatan","—","Kembali, Simpan","Memiliki sub-tabel keranjang/item dinamis"
"Operasional","Penjualan","Penjualan Sample","/sales-sample","List","0 Pending; 0 Approved; 0 Process; 0 Revise","#, Kode, Tanggal, Pelanggan, Nama Produk, Rev, Formulator, Catatan Formulasi, Total, Status, #","Search, GSTable1_length","—","Riwayat, Buat",""
"Operasional","Penjualan","Bayar Sample","/sales-sample-payment","List","—","#, Kode Faktur, Kode Sample, Tanggal, Pelanggan, Nama Produk, Grand Total, Dibayar, Sisa, Status, #","Search, GSTable1_length","[Detail Sales Sample] • Field: Kode, Status Invoice, Pelanggan, Telp Pelanggan, Tanggal Sample, Tanggal Invoice, Pembuat Invoice, No. Invoice, Harga, Subtotal • Aksi Modal: Unpaid, Tutup","Riwayat Faktur, Riwayat Pembayaran, Unpaid, Lihat, Bayar, Modal Tutup",""
"Operasional","Penjualan","Buat Penjualan Sample","/sales-sample/create","Form","—","—","Tanggal * Tanggal pembuatan sales sample, Formulator * Pilih formulator yang akan mengerjakan sample, Pelanggan * Ketik nama pelanggan (minimal 1 karakter), Deskripsi * Deskripsi singkat sales sample, Referensi * Referensi atau dokumen terkait, Target * Target yang ingin dicapai, Form * Bentuk fisik produk, Color * Warna produk, Flavor * Aroma/rasa produk, Netto * Berat/isi produk, Material Request * Bahan yang dibutuhkan untuk pembuatan sample, Claim * Klaim manfaat produk, Nama Produk * Nama produk yang akan dibuat, Harga * Harga sample, Diskon * Diskon yang diberikan, Pajak % * Persentase pajak, File Lampiran Upload dokumen pendukung (opsional), Pilih file...","—","Kembali, Simpan",""
"Operasional","Penjualan","Buat Penjualan (SO)","/sales/create","Form","—","—","Tanggal *, Jatuh Tempo *, Pelanggan *, Kategori *, Merek, Catatan, Sales Sample *, Formula *, Nama Barang Jadi *, Netto Per Packaging *, Netto BPOM, Gambar Kemasan, Kemasan Primer, Pilih file..., Kemasan Sekunder, Ref. Harga, Qty *, Harga *, Nama Jasa *","—","Kembali, Simpan",""
"Operasional","Penyesuaian Stok","Penyesuaian Stok","/stock-adjustment","List","—","#, Kode, Tanggal, Gudang, Pembuat, Catatan, #","Periode: *","—","Buat",""
"Operasional","Penyesuaian Stok","Buat Penyesuaian Stok","/stock-adjustment/create","Form","—","—","Gudang * Pilih gudang yang akan disesuaikan, Tanggal Penyesuaian * Tanggal penyesuaian stok, Catatan Catatan tambahan untuk penyesuaian stok (opsional), Barang * Pilih barang yang akan disesuaikan, Stok Sistem Stok saat ini di sistem (read-only), Stok Aktual * Stok yang diinginkan, CoA Penyesuaian * Akun untuk koreksi, Catatan Item Catatan khusus untuk barang ini (opsional)","—","Tambah ke Keranjang, Kembali, Simpan Penyesuaian Stok",""
"Operasional","Permintaan Barang","Permintaan Barang","/goods-request","List","—","#, Kode, Tanggal, Peminta, Penyedia, Pembuat, Catatan, Status, #","Search, GSTable1_length","[Detail Permintaan Barang] • Field: Kode Permintaan, Status, Gudang Asal, Gudang Tujuan, Tanggal Permintaan, Catatan, Pembuat, Belum ada riwayat persetujuan • Tabel Detail: (#, Barang, Qty Diminta, Qty Disetujui, Qty Dikeluarkan, Qty Digunakan, Qty Dikembalikan, Qty Selisih, Catatan) • Aksi Modal: Tutup","Riwayat, Buat, Pending, Lihat, Print, Modal Tutup",""
"Operasional","Permintaan Barang","Buat Permintaan Barang","/goods-request/create","Form","—","#, Nama Bahan, Kons. (%), Qty Bth","Gudang Peminta * Gudang yang meminta barang (hanya gudang yang Anda akses), Gudang Penyedia * Gudang yang akan menyediakan barang, Tanggal Permintaan * Tanggal permintaan diajukan, Catatan Catatan tambahan untuk permintaan (opsional), Barang * Pilih barang yang akan diminta, Info Stok Informasi stok di kedua gudang, Jumlah (Qty) * Masukkan jumlah barang yang diminta, Catatan Item Catatan khusus (opsional), Batch Record Pilih batch record, Qty Produk Jumlah produk yang akan dibuat","—","Tambah ke Keranjang, Kembali, Simpan Permintaan","Memiliki sub-tabel keranjang/item dinamis"
"Operasional","Permintaan Pembelian","Permintaan Pembelian","/purchase-request","List","—","#, Kode, Tanggal, Pemohon, Total Item, Catatan, Status, #","Search, GSTable1_length","—","Riwayat, Buat",""
"Operasional","Permintaan Pembelian","Buat Permintaan Pembelian","/purchase-request/create","Form","—","—","Tanggal Permintaan * Tanggal permintaan pembelian diajukan, Catatan Catatan tambahan untuk permintaan ini (opsional), Barang * Pilih barang yang akan diminta, Info Barang Informasi barang yang dipilih, Jumlah (Qty) * Masukkan jumlah barang yang diminta, Catatan Item Catatan khusus untuk barang ini (opsional)","—","Tambah ke Keranjang, Kembali, Simpan Permintaan",""
"Operasional","Pra Produksi","Batch Record","/batch-record","List","—","#, Kode, Tanggal, Sales, Pelanggan, Kategori, Produk, Status, #","Search, GSTable1_length","[Detail Batch Record] • Field: Kode Batch Record, Status, Tanggal, Pembuat, Kode Sales, Tanggal Sales, Pelanggan, Kategori • Tabel Detail: (#, Kode Barang, Nama Barang, Satuan) • Aksi Modal: Tutup","Riwayat, Buat, Pending, Lihat, Print, Batalkan, Modal Tutup",""
"Operasional","Pra Produksi","Buat Batch Record","/batch-record/create","Form","—","—","Sales * Pilih nomor sales yang berstatus process, Produk * Pilih produk dari detail sales, Tanggal * Tanggal batch record dibuat, File Lampiran Upload file dokumen (opsional), Pilih file..., Catatan Catatan tambahan (opsional)","—","Kembali, Simpan",""
"Operasional","Pra Produksi","Formulasi","/formulation","List","—","#, Kode, Tanggal, Nama Produk, Rev, Netto, Pelanggan, BusDev, Formulator, Status, #","Search, GSTable1_length","—","Riwayat Sample, Riwayat Formula",""
"Operasional","Pra Produksi","Penyesuaian Formulasi","/formulation-adjustment","List","—","#, Kode, Tanggal, Nama Produk, Rev, Netto, Pelanggan, BusDev, Formulator, Status, #","Search, GSTable1_length","Modal Detail via AJAX (ajaxDetailSalesSample('2370','modal-lg');)","Rev 1, Revise, Lihat, Sesuaikan Formula",""
"Operasional","Pra Produksi","Kelola Formulasi","/formulation-manage","List","—","#, Kode, Tanggal, Nama Produk, Rev, Netto, Pelanggan, BusDev, Formulator, Status, #","Search, GSTable1_length","Modal Detail via AJAX (ajaxDetailSalesSample('2370','modal-lg');)","Riwayat Sample, Riwayat Formula, Rev 1, Revise, Lihat, Serahkan Formulator, Buat Formulasi",""
"Operasional","Pra Produksi","Permintaan HPP","/request-cogs","List","—","#, Kode, Tanggal, Pelanggan, Produk, Formula, Jumlah MOQ, Status, #","Search, GSTable1_length","—","Riwayat, Buat",""
"Operasional","Pra Produksi","Buat Permintaan HPP","/request-cogs/create","Form","—","—","Pelanggan * Nama pelanggan, Sales Sample * Sample produk, Formula Nomor revisi, Tanggal * Tanggal request, Kemasan Primer Opsional, Kemasan Primer 2 Opsional, Kemasan Sekunder Opsional, Netto *, Jumlah *","—","Kembali, Simpan",""
"Operasional","Pra Produksi","Jadwal Filling","/schedule-filling","List","—","#, Kode, Tanggal, Batch Record, Pelanggan, Produk, Target (PCS), Status, #","Search, GSTable1_length","[Detail Jadwal Filling] • Field: Kode, Tanggal, Batch Record, Sales, Pelanggan, Kategori, Target Qty (PCS), Status, Dibuat Oleh • Tabel Detail: (#, Kode, Nama Kemasan, Qty, Satuan, Catatan) • Aksi Modal: Tutup","Riwayat, Buat, Modal Tutup",""
"Operasional","Pra Produksi","Buat Jadwal Filling","/schedule-filling/create","Form","—","—","Batch Record * Pilih batch record dengan status process yang akan dijadwalkan untuk filling, Tanggal Jadwal * Tanggal pelaksanaan filling, Target Qty (PCS) * Jumlah produk jadi yang akan diproduksi dalam satuan PCS, Kemasan Primer Pilih kemasan primer dari daftar barang, Qty Jumlah kemasan yang dibutuhkan, Catatan Catatan khusus untuk item ini (opsional), Catatan Informasi tambahan atau instruksi khusus untuk proses filling","—","Tambah ke Keranjang, Kembali, Simpan",""
"Operasional","Pra Produksi","Jadwal Mixing","/schedule-mixing","List","—","#, Kode, Tanggal, Batch Record, Pelanggan, Produk, Target (PCS), Hasil Upscale, Status, #","Search, GSTable1_length","[Detail Jadwal Mixing] • Field: Kode, Tanggal, Batch Record, Sales Order, Pelanggan, Kategori, Produk, Status, Target Qty, Netto per PCS • Aksi Modal: Tutup","Riwayat, Buat, Pending, Lihat, Print, Batalkan, Modal Tutup",""
"Operasional","Pra Produksi","Buat Jadwal Mixing","/schedule-mixing/create","Form","—","—","Batch Record * Pilih batch record dengan status process yang akan dijadwalkan untuk mixing, Tanggal Jadwal * Tanggal pelaksanaan mixing, Target Qty (PCS) * Jumlah produk yang akan diproduksi dalam satuan PCS, Base Result (Otomatis) Target Qty × Netto per PCS = Total dalam satuan bahan, Upscale (%) * Persentase tambahan untuk produksi (contoh: 10 untuk 10%), Hasil Upscale (Otomatis) Base Result + (Base Result × Upscale %) = Total produksi dengan upscale, Catatan Informasi tambahan atau instruksi khusus untuk proses mixing","—","Kembali, Simpan",""
"Operasional","Pra Produksi","Jadwal Packaging","/schedule-packaging","List","—","#, Kode, Tanggal, Batch Record, Pelanggan, Produk, Target (PCS), Status, #","Search, GSTable1_length","[Detail Jadwal Packaging] • Field: Kode, Tanggal, Batch Record, Sales, Pelanggan, Kategori, Produk, Target Qty (PCS), Status, Dibuat Oleh • Tabel Detail: (#, Kode, Nama Kemasan, Qty, Satuan, Catatan) • Aksi Modal: Tutup","Riwayat, Buat, Pending, Lihat, Print, Batalkan, Modal Tutup",""
"Operasional","Pra Produksi","Buat Jadwal Packaging","/schedule-packaging/create","Form","—","—","Batch Record * Pilih batch record dengan status process yang akan dijadwalkan untuk packaging, Tanggal Jadwal * Tanggal pelaksanaan packaging, Target Qty (PCS) * Jumlah produk jadi yang akan diproduksi dalam satuan PCS, Kemasan Sekunder Pilih kemasan sekunder dari daftar barang, Qty Jumlah kemasan yang dibutuhkan, Catatan Catatan khusus untuk item ini (opsional), Catatan Informasi tambahan atau instruksi khusus untuk proses packaging","—","Tambah ke Keranjang, Kembali, Simpan",""
"Operasional","Produksi","Produksi Filling","/production-filling","List","—","#, Kode, Tanggal, Batch Record, Pelanggan, Produk, Target (PCS), Status, #","Search, GSTable1_length","[Detail Jadwal Filling] • Field: Kode Jadwal, Tanggal Jadwal, Batch Record, Sales Order, Pelanggan, Kategori, Produk (BSJ), Target Qty, Status • Tabel Detail: (#, Kode Produksi, Mesin, Qty Produksi, Tanggal, Status) • Aksi Modal: Close","Riwayat, Modal Close",""
"Operasional","Produksi","Produksi Mixing","/production-mixing","List","—","#, Kode Jadwal, Tanggal, Batch Record, Pelanggan, Produk, Target (PCS), Hasil Upscale, Status, #","Search, GSTable1_length","[Detail Jadwal Mixing] • Field: Kode Jadwal, Tanggal Jadwal, Batch Record, Sales Order, Pelanggan, Kategori, Produk, Nama Formula, Hasil Mixing, Target Qty • Aksi Modal: Canceled, Close","Riwayat, Produksi, Pending, Lihat Jadwal, Modal Canceled, Modal Close",""
"Operasional","Produksi","Produksi Packaging","/production-packaging","List","—","#, Kode, Tanggal, Batch Record, Pelanggan, Produk, Target (PCS), Status, #","Search, GSTable1_length","[Detail Jadwal Packaging] • Field: Kode Jadwal, Tanggal Jadwal, Batch Record, Sales Order, Pelanggan, Kategori, Produk (BJD), Target Qty, Status • Tabel Detail: (#, Kode Produksi, Mesin, Qty Produksi, Tanggal, Status) • Aksi Modal: Close","Riwayat, Produksi, Pending, Lihat Jadwal, Modal Close",""
"Operasional","Stok Opname","Stok Opname","/stock-opname","List","—","#, Kode, Tanggal, Gudang, Pembuat, Catatan, #","Periode: *","[Detail Stock Opname] • Field: Kode Stock Opname, Gudang, Tanggal Stock Opname, Catatan, Pembuat • Tabel Detail: (#, Barang, Stok Sistem, Stok Aktual, Selisih, Catatan) • Aksi Modal: Tutup","Buat V1, Buat V2, Lihat, Print, Modal Tutup",""
"Operasional","Stok Opname","Buat Stok Opname","/stock-opname/create","Form","—","—","Gudang * Pilih gudang yang akan di-stock opname, Tanggal Stock Opname * Tanggal pelaksanaan stock opname, Catatan Catatan tambahan untuk stock opname (opsional), Barang * Pilih barang yang akan di-stock opname, Stok Sistem Stok saat ini di sistem (read-only), Stok Aktual * Hasil hitung fisik di gudang, Catatan Item Catatan khusus untuk barang ini (opsional)","—","Tambah ke Keranjang, Kembali, Simpan Stock Opname",""
"Laporan","Kebutuhan Barang","Kebutuhan Barang","/report-need-for-goods","Report","—","#, Kode, Tanggal, Sales / Customer / Produk / Brand, Pembuat, Status, # | #, Nama Barang, Kebutuhan Qty, Sisa Stok Saat Ini, Selisih, Qty Order, Harga (Rp), Total Kebutuhan (Rp), Total Selisih + (Rp), Total Selisih - (Rp), Total Qty Order (Rp), Catatan, Tanggal, No. Pembelian, Supplier, Qty, Harga, Tanggal, No. Pembelian, Supplier, Qty, Harga, Tanggal, No. Pembelian, Supplier, Qty, Harga, Tanggal, No. Pembelian, Supplier, Qty, Harga, Tanggal, No. Pembelian, Supplier, Qty, Harga, Tanggal, No. Pembelian, Supplier, Qty, Harga, Tanggal, No. Pembelian, Supplier, Qty, Harga, Tanggal, No. Pembelian, Supplier, Qty, Harga, Tanggal, No. Pembelian, Supplier, Qty, Harga, Tanggal, No. Pembelian, Supplier, Qty, Harga, Tanggal, No. Pembelian, Supplier, Qty, Harga, Tanggal, No. Pembelian, Supplier, Qty, Harga, Tanggal, No. Pembelian, Supplier, Qty, Harga, Tanggal, No. Pembelian, Supplier, Qty, Harga, Tanggal, No. Pembelian, Supplier, Qty, Harga, Tanggal, No. Pembelian, Supplier, Qty, Harga, Tanggal, No. Pembelian, Supplier, Qty, Harga, Tanggal, No. Pembelian, Supplier, Qty, Harga, Tanggal, No. Pembelian, Supplier, Qty, Harga, Tanggal, No. Pembelian, Supplier, Qty, Harga, Tanggal, No. Pembelian, Supplier, Qty, Harga, Tanggal, No. Pembelian, Supplier, Qty, Harga, Tanggal, No. Pembelian, Supplier, Qty, Harga, Tanggal, No. Pembelian, Supplier, Qty, Harga, Tanggal, No. Pembelian, Supplier, Qty, Harga, Tanggal, No. Pembelian, Supplier, Qty, Harga, Tanggal, No. Pembelian, Supplier, Qty, Harga, Tanggal, No. Pembelian, Supplier, Qty, Harga, Tanggal, No. Pembelian, Supplier, Qty, Harga, Tanggal, No. Pembelian, Supplier, Qty, Harga, Tanggal, No. Pembelian, Supplier, Qty, Harga, Tanggal, No. Pembelian, Supplier, Qty, Harga, Tanggal, No. Pembelian, Supplier, Qty, Harga, Tanggal, No. Pembelian, Supplier, Qty, Harga, Tanggal, No. Pembelian, Supplier, Qty, Harga, Tanggal, No. Pembelian, Supplier, Qty, Harga, Tanggal, No. Pembelian, Supplier, Qty, Harga, Tanggal, No. Pembelian, Supplier, Qty, Harga, Tanggal, No. Pembelian, Supplier, Qty, Harga, Tanggal, No. Pembelian, Supplier, Qty, Harga, Tanggal, No. Pembelian, Supplier, Qty, Harga, Tanggal, No. Pembelian, Supplier, Qty, Harga, Tanggal, No. Pembelian, Supplier, Qty, Harga, Tanggal, No. Pembelian, Supplier, Qty, Harga, Tanggal, No. Pembelian, Supplier, Qty, Harga, Tanggal, No. Pembelian, Supplier, Qty, Harga, Tanggal, No. Pembelian, Supplier, Qty, Harga, Tanggal, No. Pembelian, Supplier, Qty, Harga, Tanggal, No. Pembelian, Supplier, Qty, Harga, Tanggal, No. Pembelian, Supplier, Qty, Harga, Tanggal, No. Pembelian, Supplier, Qty, Harga, Tanggal, No. Pembelian, Supplier, Qty, Harga, Tanggal, No. Pembelian, Supplier, Qty, Harga, Tanggal, No. Pembelian, Supplier, Qty, Harga, Tanggal, No. Pembelian, Supplier, Qty, Harga, Tanggal, No. Pembelian, Supplier, Qty, Harga, Tanggal, No. Pembelian, Supplier, Qty, Harga, Tanggal, No. Pembelian, Supplier, Qty, Harga, Tanggal, No. Pembelian, Supplier, Qty, Harga, Tanggal, No. Pembelian, Supplier, Qty, Harga, Tanggal, No. Pembelian, Supplier, Qty, Harga, Tanggal, No. Pembelian, Supplier, Qty, Harga, Tanggal, No. Pembelian, Supplier, Qty, Harga, Tanggal, No. Pembelian, Supplier, Qty, Harga, Tanggal, No. Pembelian, Supplier, Qty, Harga, Tanggal, No. Pembelian, Supplier, Qty, Harga, Tanggal, No. Pembelian, Supplier, Qty, Harga, Tanggal, No. Pembelian, Supplier, Qty, Harga, Tanggal, No. Pembelian, Supplier, Qty, Harga, Tanggal, No. Pembelian, Supplier, Qty, Harga, Tanggal, No. Pembelian, Supplier, Qty, Harga, Tanggal, No. Pembelian, Supplier, Qty, Harga, Tanggal, No. Pembelian, Supplier, Qty, Harga, Tanggal, No. Pembelian, Supplier, Qty, Harga, Tanggal, No. Pembelian, Supplier, Qty, Harga, Tanggal, No. Pembelian, Supplier, Qty, Harga, Tanggal, No. Pembelian, Supplier, Qty, Harga, Tanggal, No. Pembelian, Supplier, Qty, Harga, Tanggal, No. Pembelian, Supplier, Qty, Harga, Tanggal, No. Pembelian, Supplier, Qty, Harga, Tanggal, No. Pembelian, Supplier, Qty, Harga, Tanggal, No. Pembelian, Supplier, Qty, Harga, Tanggal, No. Pembelian, Supplier, Qty, Harga, Tanggal, No. Pembelian, Supplier, Qty, Harga, Tanggal, No. Pembelian, Supplier, Qty, Harga, Tanggal, No. Pembelian, Supplier, Qty, Harga, Tanggal, No. Pembelian, Supplier, Qty, Harga, Tanggal, No. Pembelian, Supplier, Qty, Harga, Tanggal, No. Pembelian, Supplier, Qty, Harga, Tanggal, No. Pembelian, Supplier, Qty, Harga, Tanggal, No. Pembelian, Supplier, Qty, Harga, Tanggal, No. Pembelian, Supplier, Qty, Harga, Tanggal, No. Pembelian, Supplier, Qty, Harga, Tanggal, No. Pembelian, Supplier, Qty, Harga, Tanggal, No. Pembelian, Supplier, Qty, Harga, Tanggal, No. Pembelian, Supplier, Qty, Harga, Tanggal, No. Pembelian, Supplier, Qty, Harga, Tanggal, No. Pembelian, Supplier, Qty, Harga, Tanggal, No. Pembelian, Supplier, Qty, Harga, Tanggal, No. Pembelian, Supplier, Qty, Harga, Tanggal, No. Pembelian, Supplier, Qty, Harga, Tanggal, No. Pembelian, Supplier, Qty, Harga, Tanggal, No. Pembelian, Supplier, Qty, Harga, Tanggal, No. Pembelian, Supplier, Qty, Harga, Tanggal, No. Pembelian, Supplier, Qty, Harga, Tanggal, No. Pembelian, Supplier, Qty, Harga, Tanggal, No. Pembelian, Supplier, Qty, Harga, Tanggal, No. Pembelian, Supplier, Qty, Harga, Tanggal, No. Pembelian, Supplier, Qty, Harga, Tanggal, No. Pembelian, Supplier, Qty, Harga, Tanggal, No. Pembelian, Supplier, Qty, Harga, Tanggal, No. Pembelian, Supplier, Qty, Harga, Tanggal, No. Pembelian, Supplier, Qty, Harga, Tanggal, No. Pembelian, Supplier, Qty, Harga, Tanggal, No. Pembelian, Supplier, Qty, Harga, Tanggal, No. Pembelian, Supplier, Qty, Harga, Tanggal, No. Pembelian, Supplier, Qty, Harga, Tanggal, No. Pembelian, Supplier, Qty, Harga, Tanggal, No. Pembelian, Supplier, Qty, Harga, Tanggal, No. Pembelian, Supplier, Qty, Harga, Tanggal, No. Pembelian, Supplier, Qty, Harga, Tanggal, No. Pembelian, Supplier, Qty, Harga, Tanggal, No. Pembelian, Supplier, Qty, Harga, Tanggal, No. Pembelian, Supplier, Qty, Harga, Tanggal, No. Pembelian, Supplier, Qty, Harga, Tanggal, No. Pembelian, Supplier, Qty, Harga, Tanggal, No. Pembelian, Supplier, Qty, Harga, Tanggal, No. Pembelian, Supplier, Qty, Harga, Tanggal, No. Pembelian, Supplier, Qty, Harga, Tanggal, No. Pembelian, Supplier, Qty, Harga, Tanggal, No. Pembelian, Supplier, Qty, Harga, Tanggal, No. Pembelian, Supplier, Qty, Harga, Tanggal, No. Pembelian, Supplier, Qty, Harga, Tanggal, No. Pembelian, Supplier, Qty, Harga, Tanggal, No. Pembelian, Supplier, Qty, Harga, Tanggal, No. Pembelian, Supplier, Qty, Harga, Tanggal, No. Pembelian, Supplier, Qty, Harga, Tanggal, No. Pembelian, Supplier, Qty, Harga, Tanggal, No. Pembelian, Supplier, Qty, Harga, Tanggal, No. Pembelian, Supplier, Qty, Harga, Tanggal, No. Pembelian, Supplier, Qty, Harga, Tanggal, No. Pembelian, Supplier, Qty, Harga, Tanggal, No. Pembelian, Supplier, Qty, Harga, Tanggal, No. Pembelian, Supplier, Qty, Harga, Tanggal, No. Pembelian, Supplier, Qty, Harga, Tanggal, No. Pembelian, Supplier, Qty, Harga, Tanggal, No. Pembelian, Supplier, Qty, Harga, Tanggal, No. Pembelian, Supplier, Qty, Harga, Tanggal, No. Pembelian, Supplier, Qty, Harga, Tanggal, No. Pembelian, Supplier, Qty, Harga, Tanggal, No. Pembelian, Supplier, Qty, Harga, Tanggal, No. Pembelian, Supplier, Qty, Harga, Tanggal, No. Pembelian, Supplier, Qty, Harga, Tanggal, No. Pembelian, Supplier, Qty, Harga, Tanggal, No. Pembelian, Supplier, Qty, Harga, Tanggal, No. Pembelian, Supplier, Qty, Harga, Tanggal, No. Pembelian, Supplier, Qty, Harga, Tanggal, No. Pembelian, Supplier, Qty, Harga | Tanggal, No. Pembelian, Supplier, Qty, Harga | Tanggal, No. Pembelian, Supplier, Qty, Harga | Tanggal, No. Pembelian, Supplier, Qty, Harga | Tanggal, No. Pembelian, Supplier, Qty, Harga | Tanggal, No. Pembelian, Supplier, Qty, Harga | Tanggal, No. Pembelian, Supplier, Qty, Harga | Tanggal, No. Pembelian, Supplier, Qty, Harga | Tanggal, No. Pembelian, Supplier, Qty, Harga | Tanggal, No. Pembelian, Supplier, Qty, Harga | Tanggal, No. Pembelian, Supplier, Qty, Harga | Tanggal, No. Pembelian, Supplier, Qty, Harga | Tanggal, No. Pembelian, Supplier, Qty, Harga | Tanggal, No. Pembelian, Supplier, Qty, Harga | Tanggal, No. Pembelian, Supplier, Qty, Harga | Tanggal, No. Pembelian, Supplier, Qty, Harga | Tanggal, No. Pembelian, Supplier, Qty, Harga | Tanggal, No. Pembelian, Supplier, Qty, Harga | Tanggal, No. Pembelian, Supplier, Qty, Harga | Tanggal, No. Pembelian, Supplier, Qty, Harga | Tanggal, No. Pembelian, Supplier, Qty, Harga | Tanggal, No. Pembelian, Supplier, Qty, Harga | Tanggal, No. Pembelian, Supplier, Qty, Harga | Tanggal, No. Pembelian, Supplier, Qty, Harga | Tanggal, No. Pembelian, Supplier, Qty, Harga | Tanggal, No. Pembelian, Supplier, Qty, Harga | Tanggal, No. Pembelian, Supplier, Qty, Harga | Tanggal, No. Pembelian, Supplier, Qty, Harga | Tanggal, No. Pembelian, Supplier, Qty, Harga | Tanggal, No. Pembelian, Supplier, Qty, Harga | Tanggal, No. Pembelian, Supplier, Qty, Harga | Tanggal, No. Pembelian, Supplier, Qty, Harga | Tanggal, No. Pembelian, Supplier, Qty, Harga | Tanggal, No. Pembelian, Supplier, Qty, Harga | Tanggal, No. Pembelian, Supplier, Qty, Harga | Tanggal, No. Pembelian, Supplier, Qty, Harga | Tanggal, No. Pembelian, Supplier, Qty, Harga | Tanggal, No. Pembelian, Supplier, Qty, Harga | Tanggal, No. Pembelian, Supplier, Qty, Harga | Tanggal, No. Pembelian, Supplier, Qty, Harga | Tanggal, No. Pembelian, Supplier, Qty, Harga | Tanggal, No. Pembelian, Supplier, Qty, Harga | Tanggal, No. Pembelian, Supplier, Qty, Harga | Tanggal, No. Pembelian, Supplier, Qty, Harga | Tanggal, No. Pembelian, Supplier, Qty, Harga | Tanggal, No. Pembelian, Supplier, Qty, Harga | Tanggal, No. Pembelian, Supplier, Qty, Harga | Tanggal, No. Pembelian, Supplier, Qty, Harga | Tanggal, No. Pembelian, Supplier, Qty, Harga | Tanggal, No. Pembelian, Supplier, Qty, Harga | Tanggal, No. Pembelian, Supplier, Qty, Harga | Tanggal, No. Pembelian, Supplier, Qty, Harga | Tanggal, No. Pembelian, Supplier, Qty, Harga | Tanggal, No. Pembelian, Supplier, Qty, Harga | Tanggal, No. Pembelian, Supplier, Qty, Harga | Tanggal, No. Pembelian, Supplier, Qty, Harga | Tanggal, No. Pembelian, Supplier, Qty, Harga | Tanggal, No. Pembelian, Supplier, Qty, Harga | Tanggal, No. Pembelian, Supplier, Qty, Harga | Tanggal, No. Pembelian, Supplier, Qty, Harga | Tanggal, No. Pembelian, Supplier, Qty, Harga | Tanggal, No. Pembelian, Supplier, Qty, Harga | Tanggal, No. Pembelian, Supplier, Qty, Harga | Tanggal, No. Pembelian, Supplier, Qty, Harga | Tanggal, No. Pembelian, Supplier, Qty, Harga | Tanggal, No. Pembelian, Supplier, Qty, Harga | Tanggal, No. Pembelian, Supplier, Qty, Harga | Tanggal, No. Pembelian, Supplier, Qty, Harga | Tanggal, No. Pembelian, Supplier, Qty, Harga | Tanggal, No. Pembelian, Supplier, Qty, Harga | Tanggal, No. Pembelian, Supplier, Qty, Harga | Tanggal, No. Pembelian, Supplier, Qty, Harga | Tanggal, No. Pembelian, Supplier, Qty, Harga | Tanggal, No. Pembelian, Supplier, Qty, Harga | Tanggal, No. Pembelian, Supplier, Qty, Harga | Tanggal, No. Pembelian, Supplier, Qty, Harga | Tanggal, No. Pembelian, Supplier, Qty, Harga | Tanggal, No. Pembelian, Supplier, Qty, Harga | Tanggal, No. Pembelian, Supplier, Qty, Harga | Tanggal, No. Pembelian, Supplier, Qty, Harga | Tanggal, No. Pembelian, Supplier, Qty, Harga | Tanggal, No. Pembelian, Supplier, Qty, Harga | Tanggal, No. Pembelian, Supplier, Qty, Harga | Tanggal, No. Pembelian, Supplier, Qty, Harga | Tanggal, No. Pembelian, Supplier, Qty, Harga | Tanggal, No. Pembelian, Supplier, Qty, Harga | Tanggal, No. Pembelian, Supplier, Qty, Harga | Tanggal, No. Pembelian, Supplier, Qty, Harga | Tanggal, No. Pembelian, Supplier, Qty, Harga | Tanggal, No. Pembelian, Supplier, Qty, Harga | Tanggal, No. Pembelian, Supplier, Qty, Harga | Tanggal, No. Pembelian, Supplier, Qty, Harga | Tanggal, No. Pembelian, Supplier, Qty, Harga | Tanggal, No. Pembelian, Supplier, Qty, Harga | Tanggal, No. Pembelian, Supplier, Qty, Harga | Tanggal, No. Pembelian, Supplier, Qty, Harga | Tanggal, No. Pembelian, Supplier, Qty, Harga | Tanggal, No. Pembelian, Supplier, Qty, Harga | Tanggal, No. Pembelian, Supplier, Qty, Harga | Tanggal, No. Pembelian, Supplier, Qty, Harga | Tanggal, No. Pembelian, Supplier, Qty, Harga | Tanggal, No. Pembelian, Supplier, Qty, Harga | Tanggal, No. Pembelian, Supplier, Qty, Harga | Tanggal, No. Pembelian, Supplier, Qty, Harga | Tanggal, No. Pembelian, Supplier, Qty, Harga | Tanggal, No. Pembelian, Supplier, Qty, Harga | Tanggal, No. Pembelian, Supplier, Qty, Harga | Tanggal, No. Pembelian, Supplier, Qty, Harga | Tanggal, No. Pembelian, Supplier, Qty, Harga | Tanggal, No. Pembelian, Supplier, Qty, Harga | Tanggal, No. Pembelian, Supplier, Qty, Harga | Tanggal, No. Pembelian, Supplier, Qty, Harga | Tanggal, No. Pembelian, Supplier, Qty, Harga | Tanggal, No. Pembelian, Supplier, Qty, Harga | Tanggal, No. Pembelian, Supplier, Qty, Harga | Tanggal, No. Pembelian, Supplier, Qty, Harga | Tanggal, No. Pembelian, Supplier, Qty, Harga | Tanggal, No. Pembelian, Supplier, Qty, Harga | Tanggal, No. Pembelian, Supplier, Qty, Harga | Tanggal, No. Pembelian, Supplier, Qty, Harga | Tanggal, No. Pembelian, Supplier, Qty, Harga | Tanggal, No. Pembelian, Supplier, Qty, Harga | Tanggal, No. Pembelian, Supplier, Qty, Harga | Tanggal, No. Pembelian, Supplier, Qty, Harga | Tanggal, No. Pembelian, Supplier, Qty, Harga | Tanggal, No. Pembelian, Supplier, Qty, Harga | Tanggal, No. Pembelian, Supplier, Qty, Harga | Tanggal, No. Pembelian, Supplier, Qty, Harga | Tanggal, No. Pembelian, Supplier, Qty, Harga | Tanggal, No. Pembelian, Supplier, Qty, Harga | Tanggal, No. Pembelian, Supplier, Qty, Harga | Tanggal, No. Pembelian, Supplier, Qty, Harga | Tanggal, No. Pembelian, Supplier, Qty, Harga | Tanggal, No. Pembelian, Supplier, Qty, Harga | Tanggal, No. Pembelian, Supplier, Qty, Harga | Tanggal, No. Pembelian, Supplier, Qty, Harga | Tanggal, No. Pembelian, Supplier, Qty, Harga | Tanggal, No. Pembelian, Supplier, Qty, Harga | Tanggal, No. Pembelian, Supplier, Qty, Harga | Tanggal, No. Pembelian, Supplier, Qty, Harga | Tanggal, No. Pembelian, Supplier, Qty, Harga | Tanggal, No. Pembelian, Supplier, Qty, Harga | Tanggal, No. Pembelian, Supplier, Qty, Harga | Tanggal, No. Pembelian, Supplier, Qty, Harga | Tanggal, No. Pembelian, Supplier, Qty, Harga | Tanggal, No. Pembelian, Supplier, Qty, Harga | Tanggal, No. Pembelian, Supplier, Qty, Harga | Tanggal, No. Pembelian, Supplier, Qty, Harga | Tanggal, No. Pembelian, Supplier, Qty, Harga | Tanggal, No. Pembelian, Supplier, Qty, Harga | Tanggal, No. Pembelian, Supplier, Qty, Harga | Tanggal, No. Pembelian, Supplier, Qty, Harga | Tanggal, No. Pembelian, Supplier, Qty, Harga | Tanggal, No. Pembelian, Supplier, Qty, Harga | Tanggal, No. Pembelian, Supplier, Qty, Harga | Tanggal, No. Pembelian, Supplier, Qty, Harga | Tanggal, No. Pembelian, Supplier, Qty, Harga | Tanggal, No. Pembelian, Supplier, Qty, Harga | Tanggal, No. Pembelian, Supplier, Qty, Harga | Tanggal, No. Pembelian, Supplier, Qty, Harga","Catatan","Modal Detail via AJAX (ajaxDetail('130','modal-lg');)","Riwayat, Process, Lihat, Hide",""
"Laporan","Laporan BusDev","Follow Up Pelanggan","/report-follow-up-customer","Report","0 Total Follow Up; 0 Follow Up Sukses; 0 Follow Up Gagal; 0 Terbanyak","—","BusDev:, Periode: *","—","—",""
"Laporan","Laporan BusDev","Buku Tamu","/report-guest-book","Report","Total Tamu 102 Pada periode ini; Rata-rata / Hari 3.4 Tamu per hari; Perusahaan 2 Perusahaan unik; Tamu Terbanyak 1 N Aristya","No, Tanggal, Waktu, Nama, Telepon, Email, Alamat, Perusahaan, Tujuan, Bertemu, BusDev","BusDev:, Periode: *","—","—",""
"Laporan","Laporan Keuangan","Neraca","/report-balance-sheet","Report","—","Description, Balance","Periode: *","Modal Detail via AJAX (ajaxDetail(2, 'modal-xl'))","—",""
"Laporan","Laporan Keuangan","Buku Besar","/report-general-ledger","Report","—","Kode CoA, Nama CoA, Opening, Debet, Kredit, Perubahan, Saldo","Periode: *","—","—",""
"Laporan","Laporan Keuangan","Laba Rugi","/report-profit-loss","Report","—","Description, Balance","Periode: *","Modal Detail via AJAX (ajaxDetail(83, 'modal-xl'))","—",""
"Laporan","Laporan Keuangan","Neraca Saldo","/report-trial-balance","Report","—","Kode, Nama Akun, Saldo Awal, Perubahan, Saldo Akhir, Debit, Kredit, Debit, Kredit, Debit, Kredit","Periode: *, Tampilkan:","Modal Detail via AJAX (ajaxDetail(7, 'modal-xl'))","BCA (2640351589)",""
"Laporan","Laporan Persediaan","Mutasi Barang","/report-mutation-goods","Report","—","—","Gudang: *, Barang:, Periode: *","—","—",""
"Laporan","Laporan Persediaan","Stok","/report-stock","Report","—","—","Gudang: *, Tampilkan:, Lokasi Barang","—","—",""
"Laporan","Laporan Persediaan","Stok Valuation","/report-stock-valuation","Report","—","—","Gudang: *, Tampilkan:, Lokasi Barang","—","—",""
"Pengaturan","Akun Saya","Akun Saya","/account","Form","—","—","Nama * Nama lengkap, Email * Email address, Nomor Telepon Kontak, Tanda Tangan Digital signature, Upload Foto Profile picture, Pilih file foto, Kata Sandi Baru New password, Konfirmasi Kata Sandi Confirm password","—","Batal, Simpan Perubahan",""
"Pengaturan","Catatan Aktifitas","Catatan Aktifitas","/activity-log","List","—","#, Waktu, Pengguna, Modul, Aksi, Deskripsi, IP Address, #","Periode: *, Pengguna:, Aksi:","Modal Detail via AJAX (ajaxDetail('17546','modal-lg');)","Lihat",""
"Pengaturan","Pengaturan","Pengaturan","/setting","Form","—","—","Nama Aplikasi * App name, Deskripsi * App description, Versi * App version, Site Key Public key, Secret Key Private key, Copyright * Teks copyright, Copyright URL * Link website, Alamat Alamat sistem, Text to display, To what URL should this link go?, Open in new window, Use default protocol, Select from files, Image URL, Video URL (YouTube, Google Drive, Vimeo, Vine, Instagram, DailyMotion, Youku, Peertube), ESC, ENTER, CTRL+Z, CTRL+Y, TAB, SHIFT+TAB, CTRL+B, CTRL+I, CTRL+U, CTRL+SHIFT+S, CTRL+BACKSLASH, CTRL+SHIFT+L, CTRL+SHIFT+E, CTRL+SHIFT+R, CTRL+SHIFT+J, CTRL+SHIFT+NUM7, CTRL+SHIFT+NUM8, CTRL+LEFTBRACKET, CTRL+RIGHTBRACKET, CTRL+NUM0, CTRL+NUM1, CTRL+NUM2, CTRL+NUM3, CTRL+NUM4, CTRL+NUM5, CTRL+NUM6, CTRL+ENTER, CTRL+K","—","100%, 50%, 25%, Batal, Simpan Perubahan",""
"Pengaturan","Perusahaan","Perusahaan","/company","Form","—","—","Nama Perusahaan * Nama resmi perusahaan, Telepon * Nomor kontak, Website * URL website, QR Code Auto-generate, Logo Perusahaan Upload logo, Pilih file logo, Alamat Lokasi perusahaan, Text to display, To what URL should this link go?, Open in new window, Use default protocol, Select from files, Image URL, Video URL (YouTube, Google Drive, Vimeo, Vine, Instagram, DailyMotion, Youku, Peertube), ESC, ENTER, CTRL+Z, CTRL+Y, TAB, SHIFT+TAB, CTRL+B, CTRL+I, CTRL+U, CTRL+SHIFT+S, CTRL+BACKSLASH, CTRL+SHIFT+L, CTRL+SHIFT+E, CTRL+SHIFT+R, CTRL+SHIFT+J, CTRL+SHIFT+NUM7, CTRL+SHIFT+NUM8, CTRL+LEFTBRACKET, CTRL+RIGHTBRACKET, CTRL+NUM0, CTRL+NUM1, CTRL+NUM2, CTRL+NUM3, CTRL+NUM4, CTRL+NUM5, CTRL+NUM6, CTRL+ENTER, CTRL+K, Quotes/Tagline Motto perusahaan","—","100%, 50%, 25%, Batal, Simpan Perubahan",""
"BERANDA","Beranda","Beranda","/","List","Dasbor D. Jadwal Produksi; Dasbor D. Realisasi Produksi; Dasbor D. Penjualan Sample; Dasbor D. Penjualan Barang; Dasbor D. Pelanggan; Dasbor D. Sample; Dasbor Eksekutif D. Eksekutif; Dasbor Eksekutif D. Notifikasi; Dasbor Departemen D. Digital Marketing; Dasbor Departemen D. BusDev; Dasbor Departemen D. RnD; Dasbor Departemen D. Purchasing; Dasbor Departemen D. Legalitas; Dasbor Departemen D. Produksi; Dasbor Departemen D. Gudang; Dasbor Departemen D. HR; Dasbor Departemen D. Keuangan; Dasbor BusDev D. Buku Tamu; Dasbor BusDev D. Client Sample; Dasbor BusDev D. Client Produksi; Dasbor BusDev D. Client RO; Dasbor BusDev D. Lost; Persetujuan Pembelian ~; Persetujuan 1 Retur Pembelian ~; Persetujuan Penjualan Sample ~; Persetujuan Penjualan Produk ~; Persetujuan Retur Penjualan ~; Persetujuan 2 Permintaan HPP ~; Persetujuan Permintaan Pembelian ~; Persetujuan 5 Permintaan Barang ~; Umum Checklist Progress; Umum Checklist Tracking; Umum Checklist; Umum Kategori Checklist; Pembelian Buat Pembelian; Pembelian 700 Faktur Pembelian; Pembelian Retur Pembelian; Pembelian DP Pembelian; Pembelian Bayar Pembelian; Operasional 61 Kebutuhan Barang; Operasional 10 Permintaan Barang; Operasional Permintaan Pembelian; Barang Masuk 17 Pembelian Masuk; Barang Masuk Retur Penjualan; Barang Keluar Transfer Barang; Barang Keluar 8 Pengiriman Barang; Barang Keluar Retur Pembelian; Operasional Stok Opname; Operasional Leads; Operasional Buku Tamu; Operasional Client Sample; Operasional Client Produksi; Operasional Client RO; Operasional Client Lost; Penjualan Penjualan Sample; Penjualan 436 Bayar Sample; Penjualan Penjualan; Penjualan Retur Penjualan; Penjualan DP Penjualan; Penjualan Faktur Penjualan; Penjualan Bayar Penjualan; Pra Produksi Penyesuaian Formulasi; Pra Produksi Formulasi; Pra Produksi Permintaan HPP; Pra Produksi 27 Batch Record; Pra Produksi 6 Jadwal Mixing; Pra Produksi Jadwal Filling; Pra Produksi 10 Jadwal Packaging; Produksi 6 Produksi Mixing; Produksi Produksi Filling; Produksi 10 Produksi Packaging; Akuntansi Jurnal Umum; Akuntansi Kas Bank Keluar; Akuntansi Kas Bank Masuk; Operasional Penyesuaian Stok; Laporan Kebutuhan Barang; Laporan Persediaan Stok; Laporan Persediaan Mutasi Barang; Laporan Persediaan Stok Valuation; Laporan BusDev Buku Tamu; Laporan BusDev Follow Up Pelanggan; Laporan Keuangan Buku Besar; Laporan Keuangan Laba Rugi; Laporan Keuangan Neraca Saldo; Laporan Keuangan Neraca; Pengaturan Akun Saya; Pengaturan Perusahaan; Pengaturan Pengaturan; Pengaturan Catatan Aktifitas","—","Search","—","—",""
"BERANDA","Beranda","Buat Pembelian","/purchase","List","—","#, Kode, Tanggal, Supplier, Gudang, Pembuat, Nominal, Status, #","Search, GSTable1_length","[Detail Pembelian] • Field: Kode, Status, Supplier, Gudang, Pembuat, Tanggal, Jatuh Tempo, Subtotal, Pajak (0.00%), Grand Total • Tabel Detail: (#, Barang, Qty, Harga, Total, Diterima, Sisa) • Aksi Modal: Tutup","Riwayat, Buat, Modal Tutup",""