"Code","Area","Path","Status","Reason"
"M",".gitignore",".gitignore","REVIEW",""
"M","backend/package.json","backend/package.json","REVIEW_CONFIG","Build/tooling config"
"M","backend/prisma","backend/prisma/schema/auth.prisma","REVIEW_PRISMA","Prisma schema/data/migration"
"M","backend/prisma","backend/prisma/schema/marketing.prisma","REVIEW_PRISMA","Prisma schema/data/migration"
"M","backend/scripts","backend/scripts/db-status.ts","REVIEW",""
"M","backend/src","backend/src/modules/marketing/prototype/__tests__/marketing-prototype.service.spec.ts","REVIEW_MODULE","Backend module - needs alignment with legacy ERP MOD-XX"
"M","backend/src","backend/src/modules/marketing/prototype/marketing-prototype.service.ts","REVIEW_MODULE","Backend module - needs alignment with legacy ERP MOD-XX"
"M","docs/REFACTOR-MANAGEMENT-TASK-SCHEMA.md","docs/REFACTOR-MANAGEMENT-TASK-SCHEMA.md","REVIEW",""
"M","frontend/eslint.config.mjs","frontend/eslint.config.mjs","REVIEW_CONFIG","Build/tooling config"
"M","frontend/package.json","frontend/package.json","REVIEW_CONFIG","Build/tooling config"
"M","frontend/src","frontend/src/app/(dashboard)/finance/accounting/auto-journal/page.tsx","REVIEW_FINANCE_PAGE","Finance page - check against MOD-10 / legacy spec"
"M","frontend/src","frontend/src/app/(dashboard)/finance/accounting/coa/page.tsx","REVIEW_FINANCE_PAGE","Finance page - check against MOD-10 / legacy spec"
"M","frontend/src","frontend/src/app/(dashboard)/finance/ap-aging/page.tsx","REVIEW_FINANCE_PAGE","Finance page - check against MOD-10 / legacy spec"
"M","frontend/src","frontend/src/app/(dashboard)/finance/approvals/page.tsx","REVIEW_FINANCE_PAGE","Finance page - check against MOD-10 / legacy spec"
"M","frontend/src","frontend/src/app/(dashboard)/finance/ar-hub/page.tsx","REVIEW_FINANCE_PAGE","Finance page - check against MOD-10 / legacy spec"
"M","frontend/src","frontend/src/app/(dashboard)/finance/assets/page.tsx","REVIEW_FINANCE_PAGE","Finance page - check against MOD-10 / legacy spec"
"M","frontend/src","frontend/src/app/(dashboard)/finance/bank-accounts/page.tsx","REVIEW_FINANCE_PAGE","Finance page - check against MOD-10 / legacy spec"
"M","frontend/src","frontend/src/app/(dashboard)/finance/bank-reconciliation/page.tsx","REVIEW_FINANCE_PAGE","Finance page - check against MOD-10 / legacy spec"
"M","frontend/src","frontend/src/app/(dashboard)/finance/bayar-pembelian/page.tsx","REVIEW_FINANCE_PAGE","Finance page - check against MOD-10 / legacy spec"
"M","frontend/src","frontend/src/app/(dashboard)/finance/bayar-penjualan/page.tsx","REVIEW_FINANCE_PAGE","Finance page - check against MOD-10 / legacy spec"
"M","frontend/src","frontend/src/app/(dashboard)/finance/bayar-sample/page.tsx","REVIEW_FINANCE_PAGE","Finance page - check against MOD-10 / legacy spec"
"M","frontend/src","frontend/src/app/(dashboard)/finance/bayar/page.tsx","REVIEW_FINANCE_PAGE","Finance page - check against MOD-10 / legacy spec"
"M","frontend/src","frontend/src/app/(dashboard)/finance/bills/page.tsx","REVIEW_FINANCE_PAGE","Finance page - check against MOD-10 / legacy spec"
"M","frontend/src","frontend/src/app/(dashboard)/finance/budget/page.tsx","REVIEW_FINANCE_PAGE","Finance page - check against MOD-10 / legacy spec"
"M","frontend/src","frontend/src/app/(dashboard)/finance/cash-in/page.tsx","REVIEW_FINANCE_PAGE","Finance page - check against MOD-10 / legacy spec"
"M","frontend/src","frontend/src/app/(dashboard)/finance/cash-out/page.tsx","DROP_BUILD_ARTIFACT","Build artifact (gitignored normally)"
"M","frontend/src","frontend/src/app/(dashboard)/finance/client-escrow/page.tsx","REVIEW_FINANCE_PAGE","Finance page - check against MOD-10 / legacy spec"
"M","frontend/src","frontend/src/app/(dashboard)/finance/closing/page.tsx","REVIEW_FINANCE_PAGE","Finance page - check against MOD-10 / legacy spec"
"M","frontend/src","frontend/src/app/(dashboard)/finance/cogs-request/page.tsx","REVIEW_FINANCE_PAGE","Finance page - check against MOD-10 / legacy spec"
"M","frontend/src","frontend/src/app/(dashboard)/finance/collections/page.tsx","REVIEW_FINANCE_PAGE","Finance page - check against MOD-10 / legacy spec"
"M","frontend/src","frontend/src/app/(dashboard)/finance/compliance-asset/page.tsx","REVIEW_FINANCE_PAGE","Finance page - check against MOD-10 / legacy spec"
"M","frontend/src","frontend/src/app/(dashboard)/finance/cost-variance/page.tsx","REVIEW_FINANCE_PAGE","Finance page - check against MOD-10 / legacy spec"
"M","frontend/src","frontend/src/app/(dashboard)/finance/dashboard/page.tsx","REVIEW_FINANCE_PAGE","Finance page - check against MOD-10 / legacy spec"
"M","frontend/src","frontend/src/app/(dashboard)/finance/dp-pembelian/page.tsx","REVIEW_FINANCE_PAGE","Finance page - check against MOD-10 / legacy spec"
"M","frontend/src","frontend/src/app/(dashboard)/finance/dp-penjualan/page.tsx","REVIEW_FINANCE_PAGE","Finance page - check against MOD-10 / legacy spec"
"M","frontend/src","frontend/src/app/(dashboard)/finance/dp/page.tsx","REVIEW_FINANCE_PAGE","Finance page - check against MOD-10 / legacy spec"
"M","frontend/src","frontend/src/app/(dashboard)/finance/faktur-pembelian/page.tsx","REVIEW_FINANCE_PAGE","Finance page - check against MOD-10 / legacy spec"
"M","frontend/src","frontend/src/app/(dashboard)/finance/faktur-penjualan/page.tsx","REVIEW_FINANCE_PAGE","Finance page - check against MOD-10 / legacy spec"
"M","frontend/src","frontend/src/app/(dashboard)/finance/fund-requests/page.tsx","REVIEW_FINANCE_PAGE","Finance page - check against MOD-10 / legacy spec"
"M","frontend/src","frontend/src/app/(dashboard)/finance/fund/page.tsx","REVIEW_FINANCE_PAGE","Finance page - check against MOD-10 / legacy spec"
"M","frontend/src","frontend/src/app/(dashboard)/finance/invoices/page.tsx","REVIEW_FINANCE_PAGE","Finance page - check against MOD-10 / legacy spec"
"M","frontend/src","frontend/src/app/(dashboard)/finance/jurnal-umum/page.tsx","REVIEW_FINANCE_PAGE","Finance page - check against MOD-10 / legacy spec"
"M","frontend/src","frontend/src/app/(dashboard)/finance/jurnal/page.tsx","REVIEW_FINANCE_PAGE","Finance page - check against MOD-10 / legacy spec"
"M","frontend/src","frontend/src/app/(dashboard)/finance/kas/page.tsx","REVIEW_FINANCE_PAGE","Finance page - check against MOD-10 / legacy spec"
"M","frontend/src","frontend/src/app/(dashboard)/finance/laba-rugi/page.tsx","REVIEW_FINANCE_PAGE","Finance page - check against MOD-10 / legacy spec"
"M","frontend/src","frontend/src/app/(dashboard)/finance/ledger/page.tsx","REVIEW_FINANCE_PAGE","Finance page - check against MOD-10 / legacy spec"
"M","frontend/src","frontend/src/app/(dashboard)/finance/piutang/page.tsx","REVIEW_FINANCE_PAGE","Finance page - check against MOD-10 / legacy spec"
"M","frontend/src","frontend/src/app/(dashboard)/finance/profitability/page.tsx","REVIEW_FINANCE_PAGE","Finance page - check against MOD-10 / legacy spec"
"M","frontend/src","frontend/src/app/(dashboard)/finance/reports/ar-aging/page.tsx","REVIEW_FINANCE_PAGE","Finance page - check against MOD-10 / legacy spec"
"M","frontend/src","frontend/src/app/(dashboard)/finance/reports/balance-sheet/page.tsx","REVIEW_FINANCE_PAGE","Finance page - check against MOD-10 / legacy spec"
"M","frontend/src","frontend/src/app/(dashboard)/finance/reports/cash-flow/page.tsx","REVIEW_FINANCE_PAGE","Finance page - check against MOD-10 / legacy spec"
"M","frontend/src","frontend/src/app/(dashboard)/finance/reports/page.tsx","REVIEW_FINANCE_PAGE","Finance page - check against MOD-10 / legacy spec"
"M","frontend/src","frontend/src/app/(dashboard)/finance/reports/trial-balance/page.tsx","REVIEW_FINANCE_PAGE","Finance page - check against MOD-10 / legacy spec"
"M","frontend/src","frontend/src/app/(dashboard)/finance/sales-orders/page.tsx","REVIEW_FINANCE_PAGE","Finance page - check against MOD-10 / legacy spec"
"M","frontend/src","frontend/src/app/(dashboard)/finance/transactions/page.tsx","REVIEW_FINANCE_PAGE","Finance page - check against MOD-10 / legacy spec"
"M","frontend/src","frontend/src/app/(dashboard)/legality/apj-release/page.tsx","REVIEW_FRONTEND_PAGE","Frontend page - check against nexerpRoute in catalog"
"M","frontend/src","frontend/src/app/(dashboard)/legality/ckpb-audit/page.tsx","REVIEW_FRONTEND_PAGE","Frontend page - check against nexerpRoute in catalog"
"M","frontend/src","frontend/src/app/(dashboard)/legality/dashboard/page.tsx","REVIEW_FRONTEND_PAGE","Frontend page - check against nexerpRoute in catalog"
"M","frontend/src","frontend/src/app/(dashboard)/legality/inbox/page.tsx","REVIEW_FRONTEND_PAGE","Frontend page - check against nexerpRoute in catalog"
"M","frontend/src","frontend/src/app/(dashboard)/legality/input/page.tsx","REVIEW_FRONTEND_PAGE","Frontend page - check against nexerpRoute in catalog"
"M","frontend/src","frontend/src/app/(dashboard)/legality/master-inci/page.tsx","REVIEW_FRONTEND_PAGE","Frontend page - check against nexerpRoute in catalog"
"M","frontend/src","frontend/src/app/(dashboard)/legality/permits/page.tsx","REVIEW_FRONTEND_PAGE","Frontend page - check against nexerpRoute in catalog"
"M","frontend/src","frontend/src/app/(dashboard)/legality/pipeline/page.tsx","REVIEW_FRONTEND_PAGE","Frontend page - check against nexerpRoute in catalog"
"M","frontend/src","frontend/src/app/(dashboard)/legality/records/page.tsx","REVIEW_FRONTEND_PAGE","Frontend page - check against nexerpRoute in catalog"
"M","frontend/src","frontend/src/app/(dashboard)/marketing/management-task/page.tsx","REVIEW_FRONTEND_PAGE","Frontend page - check against nexerpRoute in catalog"
"M","frontend/src","frontend/src/app/(dashboard)/marketing/social-tracker/page.tsx","REVIEW_FRONTEND_PAGE","Frontend page - check against nexerpRoute in catalog"
"M","frontend/src","frontend/src/app/(dashboard)/production/audit/page.tsx","REVIEW_FRONTEND_PAGE","Frontend page - check against nexerpRoute in catalog"
"M","frontend/src","frontend/src/app/(dashboard)/production/my-performance/page.tsx","REVIEW_FRONTEND_PAGE","Frontend page - check against nexerpRoute in catalog"
"M","frontend/src","frontend/src/app/(dashboard)/production/operations/page.tsx","REVIEW_FRONTEND_PAGE","Frontend page - check against nexerpRoute in catalog"
"M","frontend/src","frontend/src/app/(dashboard)/production/warehouse/page.tsx","REVIEW_FRONTEND_PAGE","Frontend page - check against nexerpRoute in catalog"
"M","frontend/src","frontend/src/app/(dashboard)/scm/dashboard/page.tsx","REVIEW_FRONTEND_PAGE","Frontend page - check against nexerpRoute in catalog"
"M","frontend/src","frontend/src/app/(dashboard)/scm/mrp/page.tsx","REVIEW_FRONTEND_PAGE","Frontend page - check against nexerpRoute in catalog"
"M","frontend/src","frontend/src/app/(dashboard)/scm/purchase-approval/page.tsx","REVIEW_FRONTEND_PAGE","Frontend page - check against nexerpRoute in catalog"
"M","frontend/src","frontend/src/app/(dashboard)/scm/purchasing/down-payment/page.tsx","REVIEW_FRONTEND_PAGE","Frontend page - check against nexerpRoute in catalog"
"M","frontend/src","frontend/src/app/(dashboard)/scm/purchasing/page.tsx","REVIEW_FRONTEND_PAGE","Frontend page - check against nexerpRoute in catalog"
"M","frontend/src","frontend/src/app/(dashboard)/scm/purchasing/payments/page.tsx","REVIEW_FRONTEND_PAGE","Frontend page - check against nexerpRoute in catalog"
"M","frontend/src","frontend/src/app/(dashboard)/scm/rangkuman-kebutuhan/page.tsx","REVIEW_FRONTEND_PAGE","Frontend page - check against nexerpRoute in catalog"
"M","frontend/src","frontend/src/app/(dashboard)/scm/receiving/page.tsx","REVIEW_FRONTEND_PAGE","Frontend page - check against nexerpRoute in catalog"
"M","frontend/src","frontend/src/app/(dashboard)/scm/vendors/performance/page.tsx","REVIEW_FRONTEND_PAGE","Frontend page - check against nexerpRoute in catalog"
"M","frontend/src","frontend/src/app/(dashboard)/scm/warehouse/mutation/page.tsx","REVIEW_FRONTEND_PAGE","Frontend page - check against nexerpRoute in catalog"
"M","frontend/src","frontend/src/app/(dashboard)/warehouse/WarehouseDashboardClient.tsx","REVIEW_FRONTEND_PAGE","Frontend page - check against nexerpRoute in catalog"
"M","frontend/src","frontend/src/app/(dashboard)/warehouse/adjustment/AdjustmentClient.tsx","REVIEW_FRONTEND_PAGE","Frontend page - check against nexerpRoute in catalog"
"M","frontend/src","frontend/src/app/(dashboard)/warehouse/adjustment/page.tsx","REVIEW_FRONTEND_PAGE","Frontend page - check against nexerpRoute in catalog"
"M","frontend/src","frontend/src/app/(dashboard)/warehouse/components/AuditTables.tsx","REVIEW_FRONTEND_PAGE","Frontend page - check against nexerpRoute in catalog"
"M","frontend/src","frontend/src/app/(dashboard)/warehouse/components/Rankings.tsx","REVIEW_FRONTEND_PAGE","Frontend page - check against nexerpRoute in catalog"
"M","frontend/src","frontend/src/app/(dashboard)/warehouse/components/VelocityMatrix.tsx","REVIEW_FRONTEND_PAGE","Frontend page - check against nexerpRoute in catalog"
"M","frontend/src","frontend/src/app/(dashboard)/warehouse/gudang/page.tsx","REVIEW_FRONTEND_PAGE","Frontend page - check against nexerpRoute in catalog"
"M","frontend/src","frontend/src/app/(dashboard)/warehouse/inbound/page.tsx","REVIEW_FRONTEND_PAGE","Frontend page - check against nexerpRoute in catalog"
"M","frontend/src","frontend/src/app/(dashboard)/warehouse/map/page.tsx","REVIEW_FRONTEND_PAGE","Frontend page - check against nexerpRoute in catalog"
"M","frontend/src","frontend/src/app/(dashboard)/warehouse/mutasi-stok/page.tsx","REVIEW_FRONTEND_PAGE","Frontend page - check against nexerpRoute in catalog"
"M","frontend/src","frontend/src/app/(dashboard)/warehouse/opname/page.tsx","REVIEW_FRONTEND_PAGE","Frontend page - check against nexerpRoute in catalog"
"M","frontend/src","frontend/src/app/(dashboard)/warehouse/pindah-gudang/page.tsx","REVIEW_FRONTEND_PAGE","Frontend page - check against nexerpRoute in catalog"
"M","frontend/src","frontend/src/app/(dashboard)/warehouse/release/ReleaseClient.tsx","REVIEW_FRONTEND_PAGE","Frontend page - check against nexerpRoute in catalog"
"M","frontend/src","frontend/src/app/(dashboard)/warehouse/release/page.tsx","REVIEW_FRONTEND_PAGE","Frontend page - check against nexerpRoute in catalog"
"M","frontend/src","frontend/src/app/(dashboard)/warehouse/stok/page.tsx","REVIEW_FRONTEND_PAGE","Frontend page - check against nexerpRoute in catalog"
"M","frontend/src","frontend/src/app/(dashboard)/warehouse/transfers/page.tsx","REVIEW_FRONTEND_PAGE","Frontend page - check against nexerpRoute in catalog"
"M","frontend/src","frontend/src/app/(dashboard)/warehouse/workstation/page.tsx","REVIEW_FRONTEND_PAGE","Frontend page - check against nexerpRoute in catalog"
"M","package.json","package.json","REVIEW_CONFIG","Build/tooling config"
"??",".kilo/",".kilo/","DROP_SESSION","Kilo session artifacts - temporary"
"??","backend/prisma","backend/prisma/migrations/20260720_add_mkt_proto_tables/","REVIEW_PRISMA","Prisma schema/data/migration"
"??","backend/prisma","backend/prisma/migrations/20260721_add_rnd_tasks_and_projects/","REVIEW_PRISMA","Prisma schema/data/migration"
"??","backend/prisma","backend/prisma/migrations/20260822080000_r4_fix_legacy_leadstatus_unused_enum/","REVIEW_PRISMA","Prisma schema/data/migration"
"??","backend/prisma","backend/prisma/migrations/20260822081953_lead_attribution_journey/","REVIEW_PRISMA","Prisma schema/data/migration"
"??","backend/prisma","backend/prisma/migrations/20260822085000_r4_fix_formulas_id_to_uuid/","REVIEW_PRISMA","Prisma schema/data/migration"
"??","backend/prisma","backend/prisma/migrations/20260822085000_r4_fix_text_id_columns_to_uuid/","REVIEW_PRISMA","Prisma schema/data/migration"
"??","backend/prisma","backend/prisma/migrations/20260822086000_r4_create_missing_goods_requirement_tables/","REVIEW_PRISMA","Prisma schema/data/migration"
"??","backend/prisma","backend/prisma/migrations/20260822095959_marketing_batch3_placeholder_repair/","REVIEW_PRISMA","Prisma schema/data/migration"
"??","backend/prisma","backend/prisma/migrations/20260822100000_batch3_so_formula_pinning/","REVIEW_PRISMA","Prisma schema/data/migration"
"??","backend/prisma","backend/prisma/migrations/20260822110000_batch3_legal_applicability/","REVIEW_PRISMA","Prisma schema/data/migration"
"??","backend/prisma","backend/prisma/migrations/20260822120000_regulatory_pipeline_unique/","REVIEW_PRISMA","Prisma schema/data/migration"
"??","backend/prisma","backend/prisma/migrations/20260823090000_batch4_requirement_procurement_lineage/","REVIEW_PRISMA","Prisma schema/data/migration"
"??","backend/prisma","backend/prisma/migrations/20260823093000_batch5_receiving_inventory_integrity/","REVIEW_PRISMA","Prisma schema/data/migration"
"??","backend/prisma","backend/prisma/migrations/20260823130000_batch5_requisition_issue_return/","REVIEW_PRISMA","Prisma schema/data/migration"
"??","backend/prisma","backend/prisma/migrations/20260823150000_batch6_production_qc_finished_flow/","REVIEW_PRISMA","Prisma schema/data/migration"
"??","backend/prisma","backend/prisma/migrations/20260823170000_batch7_finance_lineage/","REVIEW_PRISMA","Prisma schema/data/migration"
"??","backend/prisma","backend/prisma/migrations/20260823200000_r4_create_self_qr_devices/","REVIEW_PRISMA","Prisma schema/data/migration"
"??","backend/prisma","backend/prisma/migrations/20260824090000_marketing_sales_roster_alignment/","REVIEW_PRISMA","Prisma schema/data/migration"
"??","backend/prisma","backend/prisma/migrations/20260824200000_r2_shipment_lot_lineage/","REVIEW_PRISMA","Prisma schema/data/migration"
"??","backend/prisma","backend/prisma/migrations/20260825090000_r4_prodlight_to_canonical/","REVIEW_PRISMA","Prisma schema/data/migration"
"??","backend/prisma","backend/prisma/migrations/20260902120000_phase2_marketing_command/","REVIEW_PRISMA","Prisma schema/data/migration"
"??","backend/prisma","backend/prisma/migrations/20260902140000_add_director_user_role/","REVIEW_PRISMA","Prisma schema/data/migration"
"??","backend/prisma","backend/prisma/migrations/20260902150000_zaki_director_role/","REVIEW_PRISMA","Prisma schema/data/migration"
"??","backend/prisma","backend/prisma/migrations/20260902180000_lead_captures_kommo_columns/","REVIEW_PRISMA","Prisma schema/data/migration"
"??","backend/prisma","backend/prisma/migrations/20260902200000_omni_crm_state/","REVIEW_PRISMA","Prisma schema/data/migration"
"??","backend/prisma","backend/prisma/migrations/20260902210000_marketing_tasks/","REVIEW_PRISMA","Prisma schema/data/migration"
"??","backend/prisma","backend/prisma/migrations/20260904120000_marketing_management_tasks_full/","REVIEW_PRISMA","Prisma schema/data/migration"
"??","backend/prisma","backend/prisma/migrations/20260910150000_marketing_task_social_foundation/","REVIEW_PRISMA","Prisma schema/data/migration"
"??","backend/prisma","backend/prisma/migrations/add_assigned_phone/","REVIEW_PRISMA","Prisma schema/data/migration"
"??","backend/scripts","backend/scripts/audit-migration-history.ts","REVIEW",""
"??","backend/scripts","backend/scripts/rehearse-marketing-phase2.ts","REVIEW",""
"??","backend/scripts","backend/scripts/repair-migration-history.ts","REVIEW",""
"??","backend/test","backend/test/jest-marketing.json","REVIEW",""
"??","backend/tsconfig.marketing-test.json","backend/tsconfig.marketing-test.json","REVIEW_CONFIG","Build/tooling config"
"??","backend/tsconfig.marketing.json","backend/tsconfig.marketing.json","REVIEW_CONFIG","Build/tooling config"
"??","docs/legacy-erp","docs/legacy-erp/backend/","REVIEW",""
"??","docs/marketing","docs/marketing/","REVIEW",""
"??","""dreamlab-erp-\342\200\224-task-&-social-media-management/""","""dreamlab-erp-\342\200\224-task-&-social-media-management/""","REVIEW_SEPARATE_PROJECT","Different folder - separate project scope"
"??","evidence/","evidence/","REVIEW",""
"??","frontend/.husky","frontend/.husky/","REVIEW",""
"??","frontend/commitlint.config.cjs","frontend/commitlint.config.cjs","REVIEW_CONFIG","Build/tooling config"
"??","frontend/eslint-rules","frontend/eslint-rules/","REVIEW",""
"??","frontend/tsconfig.marketing.json","frontend/tsconfig.marketing.json","REVIEW_CONFIG","Build/tooling config"
"??","scripts/verify-marketing-phase0.ps1","scripts/verify-marketing-phase0.ps1","REVIEW",""
"??","scripts/verify-marketing-phase1.ps1","scripts/verify-marketing-phase1.ps1","REVIEW",""
"??","scripts/verify-marketing-phase2.ps1","scripts/verify-marketing-phase2.ps1","REVIEW",""
