"screenId","area","page","nexerpRoute","type","moduleId","cardCount","colCount","inputCount"
"SCR-001","Dasbor BusDev","D. Buku Tamu","/bussdev/dashboard-guest-book","Dashboard","MOD-02","4","12","1"
"SCR-002","Dasbor Departemen","D. BusDev","/bussdev/dashboard-business-development","Dashboard","MOD-02","1","20","2"
"SCR-003","Dasbor BusDev","D. Client Produksi","/bussdev/dashboard-client-production","Dashboard","MOD-02","4","27","1"
"SCR-004","Dasbor BusDev","D. Client RO","/bussdev/dashboard-client-repeat-order","Dashboard","MOD-02","1","27","2"
"SCR-005","Dasbor BusDev","D. Client Sample","/bussdev/dashboard-client-sample","Dashboard","MOD-02","6","22","1"
"SCR-006","Dasbor Departemen","D. Digital Marketing","/executive/dashboard-digital-marketing","Dashboard","MOD-12","4","4","1"
"SCR-007","Dasbor Eksekutif","D. Eksekutif","/executive/dashboard-executive","Dashboard","MOD-12","6","0","1"
"SCR-008","Dasbor Departemen","D. Gudang","/executive/dashboard-warehouse","Dashboard","MOD-12","4","8","1"
"SCR-009","Dasbor Departemen","D. HR","/executive/dashboard-human-resources","Dashboard","MOD-12","0","0","0"
"SCR-010","Dasbor","D. Jadwal Produksi","/executive/dashboard-production-schedule","Dashboard","MOD-12","0","14","1"
"SCR-011","Dasbor Departemen","Finance Overview (Dashboard)","/executive/dashboard-finance","Dashboard","MOD-12","1","2","2"
"SCR-012","Dasbor Departemen","D. Legalitas","/executive/dashboard-legality","Dashboard","MOD-12","4","5","1"
"SCR-013","Dasbor BusDev","D. Lost","/bussdev/dashboard-client-lost","Dashboard","MOD-02","2","14","2"
"SCR-014","Dasbor Eksekutif","D. Notifikasi","/executive/dashboard-notification","Dashboard","MOD-12","4","0","1"
"SCR-015","Dasbor","D. Pelanggan","/executive/dashboard-customer","Dashboard","MOD-12","8","16","1"
"SCR-016","Dasbor","D. Penjualan Barang","/executive/dashboard-sales-product","Dashboard","MOD-12","8","7","1"
"SCR-017","Dasbor","D. Penjualan Sample","/rnd/dashboard-sales-sample","Dashboard","MOD-03","8","7","1"
"SCR-018","Dasbor Departemen","D. Produksi","/executive/dashboard-production","Dashboard","MOD-12","4","4","1"
"SCR-019","Dasbor Departemen","D. Purchasing","/executive/dashboard-purchasing","Dashboard","MOD-12","4","7","1"
"SCR-020","Dasbor","D. Realisasi Produksi","/executive/dashboard-production-realization","Dashboard","MOD-12","0","14","1"
"SCR-021","Dasbor Departemen","D. RnD","/rnd/dashboard-rnd","Dashboard","MOD-03","7","3","1"
"SCR-022","Dasbor","D. Sample","/rnd/dashboard-sample","Dashboard","MOD-03","0","0","0"
"SCR-023","Master","Cost Allocation Setup","/master/cost-allocation-setup","Overhead Allocation Rules","MOD-01","0","7","4"
"SCR-024","Master","Asset Register","/master/asset-register","Master List & Asset History","MOD-01","1","11","3"
"SCR-025","Master","Buat Asset Register","/master/asset-register/create","Form","MOD-01","0","0","11"
"SCR-026","Master","Compliance / Intangible Asset","/master/compliance-asset","Compliance & Amortization Tracker","MOD-01","1","9","2"
"SCR-027","Master","Kategori Barang","/master/goods-category-manage","Master List","MOD-01","0","5","2"
"SCR-028","Master","Buat Kategori Barang","/master/goods-category-manage/create","Form","MOD-01","0","0","11"
"SCR-029","Master","Barang","/master/goods-manage","Master List","MOD-01","0","12","4"
"SCR-030","Master","Buat Barang","/master/goods-manage/create","Form","MOD-01","0","0","18"
"SCR-031","Master","CoA Jurnal Otomatis","/master/coa-auto-manage","Master List","MOD-01","0","8","9"
"SCR-032","Master","CoA","/master/coa-manage","Master List","MOD-01","0","7","3"
"SCR-033","Master","Buat CoA","/master/coa-manage/create","Form","MOD-01","0","0","6"
"SCR-034","Master","Hak Akses Gudang","/master/warehouse-access-manage","Master List","MOD-01","0","7","2"
"SCR-035","Master","Gudang","/master/warehouse-manage","Master List","MOD-01","0","5","2"
"SCR-036","Master","Buat Gudang","/master/warehouse-manage/create","Form","MOD-01","0","0","5"
"SCR-037","Master","Bank Account Master","/master/bank-account-manage","Master List","MOD-01","1","8","2"
"SCR-038","Master","Buat Bank Account","/master/bank-account-manage/create","Form","MOD-01","0","0","5"
"SCR-039","Master","Tax Setup","/master/tax-setup","Master List","MOD-01","0","6","1"
"SCR-040","Master","Kategori Pelanggan","/master/customer-category-manage","Master List","MOD-01","0","4","2"
"SCR-041","Master","Buat Kategori Pelanggan","/master/customer-category-manage/create","Form","MOD-01","0","0","2"
"SCR-042","Master","Pelanggan","/master/customer-manage","Master List","MOD-01","1","10","3"
"SCR-043","Master","Buat Pelanggan","/master/customer-manage/create","Form","MOD-01","0","0","8"
"SCR-044","Master","Pelanggan Saya","/master/customer-my-manage","Master List","MOD-01","0","7","2"
"SCR-045","Master","Buat Pelanggan Saya","/master/customer-my-manage/create","Form","MOD-01","0","0","9"
"SCR-046","Master","Hak Akses","/master/role-manage","Master List","MOD-01","0","3","2"
"SCR-047","Master","Buat Hak Akses","/master/role-manage/create","Form","MOD-01","0","0","1"
"SCR-048","Master","Pengguna","/master/user-manage","Master List","MOD-01","0","7","2"
"SCR-049","Master","Buat Pengguna","/master/user-manage/create","Form","MOD-01","0","0","9"
"SCR-050","Master","Kategori Penjualan","/master/sales-category","Master List","MOD-01","0","4","2"
"SCR-051","Master","Buat Kategori Penjualan","/master/sales-category/create","Form","MOD-01","0","0","2"
"SCR-052","Master","Target Penjualan","/master/sales-target","Master List","MOD-01","0","7","2"
"SCR-053","Master","Buat Target Penjualan","/master/sales-target/create","Form","MOD-01","0","0","4"
"SCR-054","Master","Kategori Supplier","/scm/supplier-category-manage","Master List","MOD-04","0","4","2"
"SCR-055","Master","Buat Kategori Supplier","/scm/supplier-category-manage/create","Form","MOD-04","0","0","2"
"SCR-056","Master","Supplier","/scm/supplier-manage","Master List","MOD-04","0","11","3"
"SCR-057","Master","Buat Supplier","/scm/supplier-manage/create","Form","MOD-04","0","0","11"
"SCR-058","Persetujuan","Pembelian ~","/scm/purchase-approval","Approval List","MOD-04","0","9","2"
"SCR-059","Persetujuan","Penjualan Produk ~","/master/sales-approval","Approval List","MOD-01","0","10","2"
"SCR-060","Persetujuan","Penjualan Sample ~","/rnd/sales-sample-approval","Approval List","MOD-03","0","10","2"
"SCR-061","Persetujuan","Permintaan Barang ~","/master/goods-request-approval","Approval List","MOD-01","0","9","2"
"SCR-062","Persetujuan","Permintaan HPP ~","/master/request-cogs-approval","Approval List","MOD-01","0","10","2"
"SCR-063","Persetujuan","Permintaan Pembelian ~","/scm/purchase-request-approval","Approval List","MOD-04","0","8","2"
"SCR-064","Persetujuan","Retur Pembelian ~","/scm/purchase-return-approval","Approval List","MOD-04","0","9","2"
"SCR-065","Persetujuan","Retur Penjualan ~","/master/sales-return-approval","Approval List","MOD-01","0","9","2"
"SCR-066","Umum","Checklist","/qc/checklist","List","MOD-07","0","9","2"
"SCR-067","Umum","Buat Checklist","/qc/checklist/create","Form","MOD-07","0","0","25"
"SCR-068","Umum","Checklist Progress","/qc/checklist-progress","List","MOD-07","1","11","3"
"SCR-069","Umum","Checklist Tracking","/qc/checklist-tracking","Tracking Matrix","MOD-07","1","32","3"
"SCR-070","Umum","Closing Checklist & Period Lock","/master/closing-checklist","Financial Checklist & Period Governance","MOD-01","1","9","2"
"SCR-071","Umum","Kategori Checklist","/qc/checklist-category","List","MOD-07","0","6","2"
"SCR-072","Umum","Buat Kategori Checklist","/qc/checklist-category/create","Form","MOD-07","0","2","5"
"SCR-073","Umum","Kelola Checklist","/qc/checklist-manage","List","MOD-07","0","10","2"
"SCR-074","Operasional","Adjustment Journal","/master/adjustment-journal","Special Approval Journal","MOD-01","1","8","4"
"SCR-075","Operasional","Asset Transfer / Disposal","/scm/asset-transfer-disposal","Asset Lifecycle Execution","MOD-04","1","10","1"
"SCR-076","Operasional","Bank Reconciliation","/master/bank-reconciliation","Two-Column Reconciliation Engine","MOD-01","1","1","3"
"SCR-077","Operasional","Client Escrow / Pass-Through Disbursement Ledger","/master/client-escrow","Trust Fund / Escrow Ledger","MOD-01","1","8","3"
"SCR-078","Operasional","Depreciation Schedule","/master/depreciation-schedule","Schedule & Batch Runner","MOD-01","1","8","2"
"SCR-079","Operasional","Jurnal Umum","/master/general-journal","List","MOD-01","1","10","2"
"SCR-080","Operasional","Buat Jurnal Umum","/master/general-journal/create","Form","MOD-01","0","5","7"
"SCR-081","Operasional","Kas Bank Masuk","/master/other-deposit","List","MOD-01","1","9","2"
"SCR-082","Operasional","Buat Kas Bank Masuk","/master/other-deposit/create","Form","MOD-01","0","0","7"
"SCR-083","Operasional","Kas Bank Keluar","/master/other-payment","List","MOD-01","1","10","2"
"SCR-084","Operasional","Buat Kas Bank Keluar","/master/other-payment/create","Form","MOD-01","0","0","8"
"SCR-085","Operasional","Tax Transactions","/master/tax-transactions","Tax Ledger & Reconciliation","MOD-01","1","7","3"
"SCR-086","Operasional","Pengiriman Barang","/master/delivery-out","List","MOD-01","0","9","2"
"SCR-087","Operasional","Buat Pengiriman Barang","/master/delivery-out/create","Form","MOD-01","0","6","5"
"SCR-088","Operasional","Transfer Barang","/master/goods-transfer","List","MOD-01","0","8","1"
"SCR-089","Operasional","Buat Transfer Barang","/master/goods-transfer/create","Form","MOD-01","0","0","8"
"SCR-090","Operasional","Retur Pembelian","/master/purchase-return-out","List","MOD-01","0","8","2"
"SCR-091","Operasional","Pembelian Masuk","/master/purchase-in","List","MOD-01","0","12","3"
"SCR-092","Operasional","Retur Penjualan","/master/sales-return-in","List","MOD-01","0","7","2"
"SCR-093","Operasional","Budget Entry","/master/budget-entry","Matrix Budget Planner","MOD-01","1","2","3"
"SCR-094","Operasional","Buku Tamu","/bussdev/guest-book","List","MOD-02","4","11","3"
"SCR-095","Operasional","Buat Buku Tamu","/bussdev/guest-book/create","Form","MOD-02","0","0","7"
"SCR-096","Operasional","Client Lost","/master/client-lost","List","MOD-01","2","14","1"
"SCR-097","Operasional","Client Produksi","/master/client-production","List","MOD-01","4","27","1"
"SCR-098","Operasional","Client RO","/master/client-repeat-order","List","MOD-01","1","27","1"
"SCR-099","Operasional","Client Sample","/rnd/client-sample","List","MOD-03","6","23","9"
"SCR-100","Operasional","Kebutuhan Barang","/scm/need-for-goods","List","MOD-04","0","1439","2"
"SCR-101","Operasional","Buat Kebutuhan Barang","/scm/need-for-goods/create","Form","MOD-04","0","5","10"
"SCR-102","Operasional","Leads","/bussdev/leads","List","MOD-02","0","5","2"
"SCR-103","Operasional","Buat Leads","/bussdev/leads/create","Form","MOD-02","0","3","2"
"SCR-104","Operasional","DP Pembelian","/scm/purchase-down-payment","List","MOD-04","1","8","3"
"SCR-105","Operasional","Buat DP Pembelian","/scm/purchase-down-payment/create","Form","MOD-04","0","5","5"
"SCR-106","Operasional","Faktur Pembelian","/scm/purchase-invoice","List","MOD-04","1","10","3"
"SCR-107","Operasional","Bayar Pembelian","/scm/purchase-payment","List","MOD-04","1","7","2"
"SCR-108","Operasional","Retur Pembelian","/scm/purchase-return","List","MOD-04","0","8","2"
"SCR-109","Operasional","Buat Retur Pembelian","/scm/purchase-return/create","Form","MOD-04","0","9","3"
"SCR-110","Operasional","Buat Pembelian (Form)","/scm/purchase/create","Form","MOD-04","0","7","9"
"SCR-111","Operasional","Pengajuan Dana (Fund Request)","/master/fund-request","Approval List / Workflow","MOD-01","1","9","2"
"SCR-112","Operasional","Buat Pengajuan Dana","/master/fund-request/create","Form","MOD-01","0","0","7"
"SCR-113","Operasional","Collections","/master/collections","Monitoring & Action Tracking","MOD-01","1","9","4"
"SCR-114","Operasional","Penjualan","/master/sales","List","MOD-01","0","11","3"
"SCR-115","Operasional","DP Penjualan","/master/sales-down-payment","List","MOD-01","1","9","3"
"SCR-116","Operasional","Buat DP Penjualan","/master/sales-down-payment/create","Form","MOD-01","0","7","6"
"SCR-117","Operasional","Faktur Penjualan","/master/sales-invoice","List","MOD-01","1","11","3"
"SCR-118","Operasional","Report Penjualan (Pembayaran Penjualan)","/scm/sales-payment","List","MOD-04","1","9","7"
"SCR-119","Operasional","Retur Penjualan","/master/sales-return","List","MOD-01","0","8","2"
"SCR-120","Operasional","Buat Retur Penjualan","/master/sales-return/create","Form","MOD-01","0","9","3"
"SCR-121","Operasional","Penjualan Sample","/rnd/sales-sample","List","MOD-03","4","11","2"
"SCR-122","Operasional","Sample Fee (Bayar Sample)","/rnd/sales-sample-payment","List","MOD-03","1","8","6"
"SCR-123","Operasional","Buat Penjualan Sample","/rnd/sales-sample/create","Form","MOD-03","0","0","18"
"SCR-124","Operasional","Buat Penjualan (SO)","/master/sales/create","Form","MOD-01","0","0","11"
"SCR-125","Operasional","Penyesuaian Stok","/warehouse/stock-adjustment","List","MOD-05","0","7","1"
"SCR-126","Operasional","Buat Penyesuaian Stok","/warehouse/stock-adjustment/create","Form","MOD-05","0","0","8"
"SCR-127","Operasional","Permintaan Barang","/master/goods-request","List","MOD-01","0","9","2"
"SCR-128","Operasional","Buat Permintaan Barang","/master/goods-request/create","Form","MOD-01","0","4","10"
"SCR-129","Operasional","Permintaan Pembelian","/scm/purchase-request","List","MOD-04","0","8","2"
"SCR-130","Operasional","Buat Permintaan Pembelian","/scm/purchase-request/create","Form","MOD-04","0","0","6"
"SCR-131","Operasional","Batch Record","/master/batch-record","List","MOD-01","0","9","2"
"SCR-132","Operasional","Buat Batch Record","/master/batch-record/create","Form","MOD-01","0","0","6"
"SCR-133","Operasional","Kelola Desain & Kemasan","/master/design-manage","Design Workflow & Revision Matrix","MOD-01","1","12","4"
"SCR-134","Operasional","Buat / Revisi Desain","/master/design-manage/create","Form","MOD-01","0","0","10"
"SCR-135","Operasional","Formulasi","/master/formulation","List","MOD-01","0","11","2"
"SCR-136","Operasional","Penyesuaian Formulasi","/master/formulation-adjustment","List","MOD-01","0","11","2"
"SCR-137","Operasional","Kelola Formulasi","/master/formulation-manage","List","MOD-01","0","11","2"
"SCR-138","Operasional","Permintaan HPP","/master/request-cogs","List","MOD-01","0","9","2"
"SCR-139","Operasional","Buat Permintaan HPP","/master/request-cogs/create","Form","MOD-01","0","0","9"
"SCR-140","Operasional","Jadwal Filling","/master/schedule-filling","List","MOD-01","0","9","2"
"SCR-141","Operasional","Buat Jadwal Filling","/master/schedule-filling/create","Form","MOD-01","0","0","7"
"SCR-142","Operasional","Jadwal Mixing","/master/schedule-mixing","List","MOD-01","0","10","2"
"SCR-143","Operasional","Buat Jadwal Mixing","/master/schedule-mixing/create","Form","MOD-01","0","0","7"
"SCR-144","Operasional","Jadwal Packaging","/master/schedule-packaging","List","MOD-01","0","9","2"
"SCR-145","Operasional","Buat Jadwal Packaging","/master/schedule-packaging/create","Form","MOD-01","0","0","7"
"SCR-146","Operasional","Job Order Costing","/master/job-order-costing","Cost Roll-Up Matrix","MOD-01","1","13","2"
"SCR-147","Operasional","Produksi Filling","/master/production-filling","List","MOD-01","0","9","2"
"SCR-148","Operasional","Produksi Mixing","/master/production-mixing","List","MOD-01","0","10","2"
"SCR-149","Operasional","Produksi Packaging","/master/production-packaging","List","MOD-01","0","9","2"
"SCR-150","Operasional","Stok Opname","/warehouse/stock-opname","List","MOD-05","0","7","1"
"SCR-151","Operasional","Buat Stok Opname","/warehouse/stock-opname/create","Form","MOD-05","0","0","7"
"SCR-152","Laporan","Kebutuhan Barang","/scm/report-need-for-goods","Report","MOD-04","0","1444","1"
"SCR-153","Laporan","Follow Up Pelanggan","/bussdev/report-follow-up-customer","Report","MOD-02","4","0","2"
"SCR-154","Laporan","Buku Tamu","/bussdev/report-guest-book","Report","MOD-02","4","11","2"
"SCR-155","Laporan","Budget vs Actual","/master/budget-vs-actual","Variance Analysis Report","MOD-01","1","9","2"
"SCR-156","Laporan","Cost Variance","/master/cost-variance","Variance Investigation Report","MOD-01","1","9","2"
"SCR-157","Laporan","Product / Customer Profitability","/master/product-customer-profitability","Profitability Matrix & Chart","MOD-01","1","8","2"
"SCR-158","Laporan","AP Aging Report","/scm/report-ap-aging","Report / Aging Matrix","MOD-04","1","9","3"
"SCR-159","Laporan","AR Aging Report","/scm/report-ar-aging","Report / Aging Matrix","MOD-04","1","12","3"
"SCR-160","Laporan","Neraca","/master/report-balance-sheet","Report","MOD-01","1","7","2"
"SCR-161","Laporan","Cash Flow Statement","/master/report-cash-flow","Cash Flow Statement","MOD-01","1","4","1"
"SCR-162","Laporan","Buku Besar","/master/report-general-ledger","Report","MOD-01","1","7","2"
"SCR-163","Laporan","Laba Rugi","/master/report-profit-loss","Report","MOD-01","1","1","2"
"SCR-164","Laporan","Report Penjualan","/scm/report-sales-summary","Sales Financial Summary Report","MOD-04","1","7","3"
"SCR-165","Laporan","Neraca Saldo","/master/report-trial-balance","Report","MOD-01","1","5","1"
"SCR-166","Laporan","Report Penerimaan Barang","/scm/report-goods-receipt","Report / Goods Receipt Ledger","MOD-04","1","13","4"
"SCR-167","Laporan","Mutasi Barang","/master/report-mutation-goods","Report","MOD-01","0","0","3"
"SCR-168","Laporan","Stok","/master/report-stock","Report","MOD-01","0","0","3"
"SCR-169","Laporan","Stok Valuation","/master/report-stock-valuation","Report","MOD-01","0","0","3"
"SCR-170","Pengaturan","Akun Saya","/master/account","Form","MOD-01","0","0","8"
"SCR-171","Pengaturan","Catatan Aktifitas","/master/activity-log","List","MOD-01","0","8","3"
"SCR-172","Pengaturan","Pengaturan","/master/setting","Form","MOD-01","0","0","50"
"SCR-173","Pengaturan","Perusahaan","/master/company","Form","MOD-01","0","0","50"
"SCR-174","BERANDA","Beranda","/master/","List","MOD-01","89","0","1"
"SCR-175","BERANDA","Buat Pembelian","/master/purchase","List","MOD-01","0","13","3"
"SCR-176","Operasional","Project Monitoring R&D","/master/rnd/project-monitoring","List","MOD-01","1","11","5"
